GREM1,GREM2,sequence,position
4.7796461651947045e-06,2.067643082231891e-06,D,Pos_1
0.002882776830977446,0.00089217520388681,V,Pos_2
1.625322735805592e-07,1.6141649492436776e-07,V,Pos_3
0.0,0.0,M,Pos_4
0.0,0.0,T,Pos_5
0.0,0.0,Q,Pos_6
0.0,0.0,T,Pos_7
0.0,0.0,P,Pos_8
0.0,0.0,L,Pos_9
0.0,0.0,S,Pos_10
0.0,0.0,L,Pos_11
0.0,0.0,P,Pos_12
0.0,0.0,V,Pos_13
0.0,0.0,S,Pos_14
0.0,0.0,L,Pos_15
0.0,0.0,G,Pos_16
0.0,0.0,D,Pos_17
0.0,0.0,Q,Pos_18
0.0,0.0,A,Pos_19
0.0,0.0,S,Pos_20
0.0,0.0,I,Pos_21
0.0,0.0,S,Pos_22
0.0,0.0,C,Pos_23
0.0,0.0,R,Pos_24
5.054223064443901e-05,3.384973865015934e-05,S,Pos_25
1.0739560130701408e-08,4.7292002129472425e-09,S,Pos_26
1.0399932300671845e-06,5.224202223419337e-07,Q,Pos_27
8.55160469252138e-07,5.890451353570229e-07,S,Pos_28
0.00141573283046206,0.000680447850502509,L,Pos_29
9.107290798464019e-05,6.699659691737091e-05,V,Pos_30
0.0026788475777613546,0.0015720212693609232,H,Pos_31
4.872718675887994e-06,3.0155559211053557e-06,S,Pos_32
7.515627656138573e-05,6.612842808777183e-05,N,Pos_33
1.974262774401238e-06,1.974262774401238e-06,G,Pos_34
0.0008290577482050712,0.0007124869485285929,N,Pos_35
0.0005072465271953148,0.00043939775594345693,T,Pos_36
0.0,3.1739476521640724e-08,Y,Pos_37
0.0,1.4251421595340182e-07,L,Pos_38
0.0,0.0,H,Pos_39
0.0,0.0,W,Pos_40
0.0,0.0,Y,Pos_41
0.0,0.0,L,Pos_42
0.0,0.0,Q,Pos_43
0.0,0.0,K,Pos_44
0.0,0.0,S,Pos_45
0.0,0.0,G,Pos_46
0.0,0.0,Q,Pos_47
0.0,0.0,S,Pos_48
0.0,0.0,P,Pos_49
0.0,0.0,K,Pos_50
0.0,0.0,L,Pos_51
3.074691714329056e-09,5.133910502910564e-09,L,Pos_52
1.0427288354556908e-09,1.3441668056850423e-09,I,Pos_53
1.4450585461432127e-08,1.3070484761460393e-08,Y,Pos_54
0.007561511599683358,0.010203897844771496,K,Pos_55
0.0014904661902710383,0.002823124757505206,V,Pos_56
1.1350284626399786e-07,1.8113418883909387e-07,S,Pos_57
0.0006306530452308107,0.0008308111247219932,N,Pos_58
2.664547530247207e-06,3.180104998936058e-06,R,Pos_59
0.018949197594447856,0.02108566086101126,F,Pos_60
6.466391359677971e-07,7.405127486237348e-07,S,Pos_61
7.302260432111945e-10,1.2444019766228131e-09,G,Pos_62
8.189022219790751e-08,1.5248252760798927e-07,V,Pos_63
7.560731204187826e-10,1.9564734261260094e-09,P,Pos_64
1.0335309725729998e-05,2.4382966565158787e-05,D,Pos_65
0.0,6.875530967459264e-10,R,Pos_66
4.578067076003186e-11,5.893722417737246e-10,F,Pos_67
1.5599162768898008e-09,6.186506660515002e-09,S,Pos_68
1.9725768952694533e-10,9.610421719442787e-10,G,Pos_69
4.792590740239033e-10,1.158659680638449e-09,S,Pos_70
9.212881370516249e-08,2.1012531559307713e-07,G,Pos_71
2.9954037365291215e-09,6.405447753452487e-09,S,Pos_72
7.056187612857302e-10,9.86962221880638e-10,G,Pos_73
8.160664892919145e-09,1.7552712552582496e-08,T,Pos_74
3.5680017342064123e-07,9.541786980048227e-07,D,Pos_75
3.448160625587713e-08,1.0227888779199318e-07,F,Pos_76
0.0,2.583979351687331e-08,T,Pos_77
0.0,2.2802507709928637e-10,L,Pos_78
0.0,0.00028976468267937736,K,Pos_79
0.0,2.7975845286097847e-10,I,Pos_80
0.0,4.82914909745902e-09,S,Pos_81
0.0,4.301724332273149e-05,R,Pos_82
0.0,0.0,V,Pos_83
0.0,0.0,E,Pos_84
0.0,0.0,A,Pos_85
0.0,0.0,E,Pos_86
0.0,0.0,D,Pos_87
0.0,0.0,L,Pos_88
0.0,0.0,G,Pos_89
0.0,0.0,V,Pos_90
0.0,0.0,Y,Pos_91
0.0,0.0,F,Pos_92
0.0,0.0,C,Pos_93
0.0,0.0,S,Pos_94
0.0,0.0,Q,Pos_95
0.0004761456769311848,0.0,S,Pos_96
0.011857690532289243,0.005696568436325738,T,Pos_97
0.016707154098351287,0.009171290688539982,H,Pos_98
0.020121405237585113,0.011510023263285837,V,Pos_99
3.605928120699684e-07,1.7656536379277126e-07,P,Pos_100
0.000551081487682269,0.00018453839586360087,Y,Pos_101
9.875295784665325e-09,0.0,T,Pos_102
0.0,0.0,F,Pos_103
0.0,0.0,G,Pos_104
0.0,0.0,G,Pos_105
0.0,0.0,G,Pos_106
0.0,0.0,T,Pos_107
0.0,0.0,K,Pos_108
0.0,0.0,L,Pos_109
0.0,0.0,E,Pos_110
0.0,0.0,I,Pos_111
0.0,0.0,K,Pos_112
