,G_31,F_52,F_57,L_101,W_92
A,-2.3143391484006974,-5.565759363068379,-0.48695852157228803,-1.0056669600214372,-3.567962307389336
C,-7.607965964558852,-6.550205563213616,-6.62254125143364,-4.017398829820008,-6.436280318240637
D,2.548843928965356,-1.852800635129171,-0.5711951670316964,-4.110833383309345,-0.2517356429828195
E,-4.393767899319931,-7.0959207745452195,-2.3940121626837296,-5.114215427492159,-6.2894069310239376
F,-7.058942354016774,,,2.164817783375751,-0.3742484293217485
G,,-5.641749246966485,-1.6612229772805607,-3.9317854954522287,-0.6975579061989117
H,-3.849406662067243,-2.3421607805644937,-2.977682224299123,-5.226720829338861,-2.6158535615855922
I,-7.307918778275534,2.79814562010129,-0.7158949705225484,2.826251208615595,-5.385116251862146
K,-3.059925055890369,-4.4001163413911275,-3.9979419424385063,-4.995169130750506,-5.0522793951853044
L,-7.935622483241844,-1.6209854078528507,-3.5322862371058865,,-2.1416628940685487
M,-7.107603064300828,-3.826352826203944,-4.147648662089565,0.13501387345225901,-5.036556499611576
N,3.8539179624007236,0.7143644695803926,-0.12402654321891449,-3.6672301227081556,-1.3482491471691178
P,-5.852081573027402,-8.53707162419144,-8.096829124477912,-4.17928183760585,-7.886582031121836
Q,-6.080468087297608,-7.435679403223664,-6.3711777010639405,-5.179118866777719,-5.380199667377935
R,-2.5797845068479073,-1.6327526004830777,-3.69069603404765,-1.8529977838075344,-4.789315124394643
S,5.754410339390803,2.416065893848348,1.9026900641880986,-1.0360205474331006,-0.4464892332008601
T,-0.5252560246140521,-3.2358830655232698,0.6294614413924657,-0.20589897699193027,-0.4284945737425325
V,-6.633506081370237,-3.8806751138155757,-2.6507297842772815,2.1440705637608115,-5.1082944500664595
W,-6.170999276381399,2.435021368306489,-2.7088700081993653,-1.8072265449132092,
Y,-5.80219089222601,6.325406091506435,5.994964142282088,3.6613578204708563,6.4607063773392035
