position,GREM1_R_i,GREM2_R_i,sequence
Pos_1,1.3232805519252697e-06,0.0,E
Pos_2,8.462722247637871e-10,0.0,V
Pos_3,0.0,0.0,Q
Pos_4,0.0,0.0,L
Pos_5,0.0,0.0,V
Pos_6,0.0,0.0,Q
Pos_7,0.0,0.0,S
Pos_8,0.0,0.0,G
Pos_9,0.0,0.0,P
Pos_10,0.0,0.0,E
Pos_11,0.0,0.0,V
Pos_12,0.0,0.0,V
Pos_13,0.0,0.0,K
Pos_14,0.0,0.0,P
Pos_15,0.0,0.0,G
Pos_16,0.0,0.0,A
Pos_17,0.0,0.0,S
Pos_18,0.0,0.0,V
Pos_19,0.0,0.0,K
Pos_20,0.0,0.0,V
Pos_21,0.0,0.0,S
Pos_22,0.0,0.0,C
Pos_23,0.0,0.0,K
Pos_24,0.0,0.0,A
Pos_25,0.0,0.0,S
Pos_26,1.7795342877825896e-10,0.0,G
Pos_27,3.78172563590541e-05,1.9673405969508508e-05,Y
Pos_28,0.000278242617762225,0.000278242617762225,S
Pos_29,3.4446034425634923e-08,2.163294542760311e-08,F
Pos_30,0.00031935476431925594,0.00025861619258402537,T
Pos_31,0.018992092041225154,0.016987216082435426,G
Pos_32,8.120150420380776e-07,7.321785089470742e-07,Y
Pos_33,0.0034793958048905203,0.0032403869323301897,Y
Pos_34,0.0,0.0,M
Pos_35,0.0,0.0,H
Pos_36,0.0,0.0,W
Pos_37,0.0,0.0,V
Pos_38,0.0,0.0,R
Pos_39,0.0,0.0,Q
Pos_40,0.0,0.0,A
Pos_41,0.0,0.0,P
Pos_42,0.0,0.0,G
Pos_43,0.0,0.0,Q
Pos_44,0.0,0.0,G
Pos_45,0.0,0.0,L
Pos_46,0.0,0.0,E
Pos_47,0.0,0.0,W
Pos_48,0.0,0.0,M
Pos_49,0.0,3.330639385656298e-08,G
Pos_50,0.0018924840008055323,0.0012674566992805158,Y
Pos_51,0.0026290731503016383,0.0028253881502535642,F
Pos_52,0.057277767128927154,0.05357315070230703,F
Pos_53,0.00012649620684990187,0.00011986423020385335,P
Pos_54,0.009469399542805868,0.008437517545779984,Y
Pos_55,0.0007874097220987494,0.0007747976966092043,S
Pos_56,3.6194771359611118e-06,3.615537322999696e-06,G
Pos_57,0.08379707536830235,0.10635076761356574,F
Pos_58,0.010237817468937973,0.013826232764478991,S
Pos_59,0.0018728583528380119,0.003019170274909028,N
Pos_60,7.606426306036373e-10,1.6195799749206937e-09,Y
Pos_61,7.197392353155859e-07,1.1082356217808917e-06,A
Pos_62,0.0004992116842912728,0.0004037924795014217,Q
Pos_63,5.578271648374473e-05,2.246500903999505e-05,K
Pos_64,3.162556049406045e-06,4.6903661174130825e-06,F
Pos_65,0.00013686575341372324,8.733580121837279e-05,Q
Pos_66,1.2683666327684058e-08,1.2683666327684058e-08,G
Pos_67,6.827922457380638e-10,3.4375599635892685e-10,R
Pos_68,0.0,3.429039548382222e-06,V
Pos_69,0.0,4.69063401497626e-10,T
Pos_70,0.0,0.0,L
Pos_71,0.0,0.0,T
Pos_72,0.0,0.0,V
Pos_73,0.0,0.0,D
Pos_74,0.00034187511305466334,0.00034187511305466334,K
Pos_75,1.2429057288798047e-09,0.0,S
Pos_76,0.0,0.0,K
Pos_77,0.0,0.0,S
Pos_78,0.0,0.0,T
Pos_79,0.0,0.0,A
Pos_80,0.0,0.0,Y
Pos_81,0.0,0.0,M
Pos_82,0.0,0.0,E
Pos_83,0.0,0.0,L
Pos_84,0.0,0.0,S
Pos_85,0.0,0.0,R
Pos_86,0.0,0.0,L
Pos_87,0.0,0.0,R
Pos_88,0.0,0.0,S
Pos_89,0.0,0.0,E
Pos_90,0.0,0.0,D
Pos_91,0.0,0.0,T
Pos_92,0.0,0.0,A
Pos_93,0.0,0.0,T
Pos_94,0.0,0.0,Y
Pos_95,0.0,0.0,Y
Pos_96,0.0,0.0,C
Pos_97,0.0,0.0,A
Pos_98,0.0,0.0,R
Pos_99,0.00026782069558599646,0.00017278407320389603,G
Pos_100,0.0012373580845717602,0.0010975566761985897,G
Pos_101,0.05545054297625794,0.04805314229964543,L
Pos_102,0.0014854785094329415,0.0014502504388009753,G
Pos_103,0.021827832671765714,0.021762882519908527,R
Pos_104,0.0006580694146356035,0.0005400121016501954,G
Pos_105,1.6047727616725373e-05,1.3434591697598184e-05,Y
Pos_106,0.0,0.0,F
Pos_107,0.0,4.228329399722427e-09,D
Pos_108,0.0,0.0,V
Pos_109,0.0,0.0,W
Pos_110,0.0,0.0,G
Pos_111,0.0,0.0,Q
Pos_112,0.0,0.0,G
Pos_113,0.0,0.0,T
Pos_114,0.0,0.0,L
Pos_115,0.0,0.0,V
Pos_116,0.0,0.0,T
Pos_117,0.0,0.0,V
Pos_118,0.0,0.0,S
Pos_119,0.0,0.0,S
