,P_i,D_i,C_i,F_i,R_i,sequence,selected,rank
Pos_1,0.5444559999999999,0.0,0.15983403784476546,0.0009459140645936483,0.0,E,True,30.0
Pos_2,0.557776,0.0,0.11060310627523195,1.1201883618280987e-06,0.0,V,True,30.0
Pos_3,0.42132400000000003,0.0,0.11389794472994587,1.2503167282672554e-06,0.0,Q,False,
Pos_4,0.42132400000000003,0.0,0.08351869325449157,4.096822704928199e-07,0.0,L,False,
Pos_5,0.4072960000000001,0.0,0.2168205476393101,8.13818419666379e-05,0.0,V,False,
Pos_6,0.41435200000000016,0.0,0.13818629123563442,0.002208490933250555,0.0,Q,False,
Pos_7,0.400408,0.0,0.08865799580282256,5.014686569285517e-07,0.0,S,False,
Pos_8,0.4351839999999999,0.0,0.0792775039305003,3.4264902605868136e-07,0.0,G,False,
Pos_9,0.4072960000000001,0.0,0.22732491790426512,0.06862644282858985,0.0,P,False,
Pos_10,0.40024000000000015,0.0,0.19245484931401666,0.00454416043814409,0.0,E,False,
Pos_11,0.40024000000000015,0.0,0.1492884411915406,0.004734269694213052,0.0,V,False,
Pos_12,0.4214899999999999,0.0,0.17343806455671976,5.317752788520837e-05,0.0,V,False,
Pos_13,0.4072960000000001,0.0,0.19265017794257408,0.00025169124808367644,0.0,K,False,
Pos_14,0.4072960000000001,0.0,0.0820845151478381,3.8200528486952756e-07,0.0,P,False,
Pos_15,0.421408,0.0,0.11770555295043611,2.9711754116471377e-06,0.0,G,False,
Pos_16,0.4144350000000001,0.0,0.41988320479124047,0.027770114990883582,0.0,A,False,
Pos_17,0.42132400000000003,0.0,0.12015028885610535,3.8441318085079415e-06,0.0,S,False,
Pos_18,0.3931000000000001,0.0,0.14799163523186024,0.005807996373787636,0.0,V,False,
Pos_19,0.441991,0.0,0.22774477177361352,0.002988635790320338,0.0,K,False,
Pos_20,0.4072960000000001,0.0,0.17508983161591687,0.026224745600985176,0.0,V,False,
Pos_21,0.421408,0.0,0.11733831560581302,4.2669750593125825e-06,0.0,S,False,
Pos_22,0.421408,0.0,0.07630345972588856,3.092207525450413e-07,0.0,C,False,
Pos_23,0.4351839999999999,0.0,0.283979284856216,0.005372166009149971,0.0,K,False,
Pos_24,0.4354299999999999,0.0,0.16375304573584004,1.2206024306095983e-05,0.0,A,False,
Pos_25,0.45584800000000003,0.0,0.09014935044695893,5.271662055727776e-07,0.0,S,False,
Pos_26,0.5259999999999999,0.0,0.08798443889117034,4.6568406461320733e-07,0.0,G,True,30.0
Pos_27,0.596152,0.012414068967911463,0.24762377143834952,0.01073534636200264,1.9673405969508508e-05,Y,True,23.0
Pos_28,0.6766660000000001,0.056452654887265384,0.2239166448839546,0.03252958675359578,0.000278242617762225,S,True,18.0
Pos_29,0.5437000000000001,0.02050295376641693,0.16051199925935383,1.2090169378359528e-05,2.163294542760311e-08,F,True,27.0
Pos_30,0.677944,0.08643412608461862,0.29939724335783147,0.014741064603639959,0.00025861619258402537,T,True,19.0
Pos_31,0.762994,0.18462014202245128,0.5300415290597801,0.22751608686378338,0.016987216082435426,G,True,5.0
Pos_32,0.73568,0.1401988457057491,0.25768611715811024,2.7548158185204855e-05,7.321785089470742e-07,Y,True,26.0
Pos_33,0.815719,0.10750738445422506,0.6658976661293118,0.05548946085338909,0.0032403869323301897,Y,True,8.0
Pos_34,0.44971000000000005,0.0,0.23803711343296868,0.00017547092562044753,0.0,M,False,
Pos_35,0.647848,0.0,0.45516942411032446,0.009035853444111494,0.0,H,True,30.0
Pos_36,0.42132400000000003,0.0,0.07636364882903691,3.099241549550346e-07,0.0,W,False,
Pos_37,0.502,0.0,0.11987506406167231,3.29217719740377e-06,0.0,V,True,30.0
Pos_38,0.42132400000000003,0.0,0.1020878660333838,1.3578310988556099e-06,0.0,R,False,
Pos_39,0.41435200000000005,0.0,0.08486865016027352,4.2743343872487337e-07,0.0,Q,False,
Pos_40,0.41435200000000005,0.0,0.2290455569963073,2.997701600362926e-05,0.0,A,False,
Pos_41,0.40024000000000004,0.0,0.09534403562740563,6.408229599233297e-07,0.0,P,False,
Pos_42,0.41452,0.0,0.10114462343898574,8.874917849439013e-07,0.0,G,False,
Pos_43,0.4073800000000001,0.0,0.1688463172783505,0.014298886109341555,0.0,Q,False,
Pos_44,0.4144350000000001,0.0,0.11726061527992584,1.4567245719519776e-06,0.0,G,False,
Pos_45,0.428296,0.0,0.08572320725409276,4.577976874060857e-07,0.0,L,False,
Pos_46,0.43543,0.0,0.08760891892718614,4.800087888059054e-07,0.0,E,False,
Pos_47,0.59176,0.0,0.08662039497451725,4.60504588822376e-07,0.0,W,True,30.0
Pos_48,0.3859600000000001,0.0,0.23564483706615058,0.024531074405905375,0.0,M,False,
Pos_49,0.42821300000000007,0.00415704832167999,0.18373797262270494,0.00010183188259855551,3.330639385656298e-08,G,False,
Pos_50,0.739042,0.00831409664335998,0.9457841324363548,0.21810062950508466,0.0012674566992805158,Y,True,12.0
Pos_51,0.5707599999999999,0.05740888897469931,0.1163487988482506,0.7411114855063582,0.0028253881502535642,F,True,10.0
Pos_52,0.7936179999999999,0.11837735747540008,0.7432219743691557,0.7672704921420173,0.05357315070230703,F,True,2.0
Pos_53,0.712704,0.07312590489728606,0.6497882816495297,0.0035394621793358415,0.00011986423020385335,P,True,21.0
Pos_54,0.77796,0.12739619831170365,0.896966153042028,0.09491282452212091,0.008437517545779984,Y,True,7.0
Pos_55,0.747584,0.16155151670850837,0.541063806213024,0.011856835648409786,0.0007747976966092043,S,True,14.0
Pos_56,0.63964,0.10133291809440359,0.32306796779404995,0.00017266041697624172,3.615537322999696e-06,G,True,25.0
Pos_57,0.7699,0.1864753156374379,0.8432856902196886,0.8784362059282771,0.10635076761356574,F,True,1.0
Pos_58,0.612808,0.10850897226918325,0.3287416243953285,0.6324979042131569,0.013826232764478991,S,True,6.0
Pos_59,0.762664,0.1377674217394805,0.7373838267274883,0.038968547776332116,0.003019170274909028,N,True,9.0
Pos_60,0.5613279999999999,0.043776947477143426,0.09762960425600302,6.750853569959083e-07,1.6195799749206937e-09,Y,True,29.0
Pos_61,0.463156,0.04360881162941742,0.2645186675187097,0.00020743127300067532,1.1082356217808917e-06,A,False,
Pos_62,0.5841999999999999,0.03950883930486594,0.4874763806881983,0.035887964308924734,0.0004037924795014217,Q,True,16.0
Pos_63,0.4489599999999999,0.008257020646231471,0.37151756264705066,0.016311587455500178,2.246500903999505e-05,K,False,
Pos_64,0.3931,0.01224593312018546,0.25652707932072577,0.0037982067415996564,4.6903661174130825e-06,F,False,
Pos_65,0.555941,0.02386297671822072,0.18561285598300672,0.03546752913646924,8.733580121837279e-05,Q,True,22.0
Pos_66,0.4351839999999999,0.01607563687658172,0.15954467131940125,1.136374284920784e-05,1.2683666327684058e-08,G,False,
Pos_67,0.41435200000000005,0.00415704832167999,0.11083088961599662,1.8006734083025717e-06,3.4375599635892685e-10,R,False,
Pos_68,0.44190799999999997,0.00415704832167999,0.24015812494550498,0.0077724560202716625,3.429039548382222e-06,V,False,
Pos_69,0.4420719999999999,0.00415704832167999,0.12432216750465665,2.0530753756796965e-06,4.69063401497626e-10,T,False,
Pos_70,0.4486319999999999,0.0,0.18439494204351395,0.21239935821264516,0.0,L,False,
Pos_71,0.43641399999999997,0.0,0.14899029714259177,0.005145817050294994,0.0,T,False,
Pos_72,0.5139999999999999,0.0,0.3379270906476711,0.17372266878090303,0.0,V,True,30.0
Pos_73,0.44871399999999995,0.0,0.09708542468356544,6.78361393753074e-07,0.0,D,False,
Pos_74,0.56155,0.01224593312018546,0.38112375937752474,0.13044311124964209,0.00034187511305466334,K,True,17.0
Pos_75,0.5381659999999999,0.0,0.13772561134362102,4.033872354660748e-06,0.0,S,True,30.0
Pos_76,0.45584800000000003,0.0,0.31100423747839046,0.00027017300069486324,0.0,K,False,
Pos_77,0.50752,0.0,0.2025897151155849,0.004134321920528208,0.0,S,True,30.0
Pos_78,0.428296,0.0,0.1802409095726131,1.9646846060945744e-05,0.0,T,False,
Pos_79,0.41435200000000005,0.0,0.2773422765990856,0.004164941255202773,0.0,A,False,
Pos_80,0.45535599999999987,0.0,0.17251576978579752,1.3070621908854537e-05,0.0,Y,False,
Pos_81,0.4073800000000001,0.0,0.14071581772502784,0.013548653716772422,0.0,M,False,
Pos_82,0.4073800000000001,0.0,0.23962955240700554,0.01907988916977565,0.0,E,False,
Pos_83,0.37865000000000004,0.0,0.19071443664514393,0.0016588494050327825,0.0,L,False,
Pos_84,0.435102,0.0,0.26809780869609734,0.004933344858728035,0.0,S,False,
Pos_85,0.4004080000000001,0.0,0.12840345021738828,0.5079302489824419,0.0,R,False,
Pos_86,0.42845999999999995,0.0,0.11736223920352647,2.68082514003778e-06,0.0,L,False,
Pos_87,0.40024000000000015,0.0,0.22832915993382608,0.00019827318599551806,0.0,R,False,
Pos_88,0.40032500000000004,0.0,0.2791233283700688,0.005767873298233679,0.0,S,False,
Pos_89,0.4073800000000001,0.0,0.17513050921079126,1.8113181704486294e-05,0.0,E,False,
Pos_90,0.41435200000000005,0.0,0.07728406117650097,3.1893524728146517e-07,0.0,D,False,
Pos_91,0.428296,0.0,0.10137916628094479,1.2796394868421353e-06,0.0,T,False,
Pos_92,0.414435,0.0,0.08634393413714143,5.080050149574861e-07,0.0,A,False,
Pos_93,0.435102,0.0,0.17595905172833393,0.2923729270286425,0.0,T,False,
Pos_94,0.40024000000000004,0.0,0.07866802736051376,3.411026270158447e-07,0.0,Y,False,
Pos_95,0.3858750000000001,0.0,0.10635622465070578,2.0186918876020826e-06,0.0,Y,False,
Pos_96,0.428296,0.0,0.07641001908454412,3.103443199277148e-07,0.0,C,False,
Pos_97,0.4953599999999999,0.0,0.15736628737450922,8.3146937614996e-06,0.0,A,False,
Pos_98,0.6139000000000001,0.0,0.16588554124910618,6.451601078178779e-06,0.0,R,True,30.0
Pos_99,0.752704,0.037074071056008386,0.7913757202376547,0.007823957525878915,0.00017278407320389603,G,True,20.0
Pos_100,0.75547,0.12247732979995156,0.8845808235545073,0.01340962098840654,0.0010975566761985897,G,True,13.0
Pos_101,0.80284,0.2993624359243551,0.9317263497788677,0.2145888282441334,0.04805314229964543,L,True,3.0
Pos_102,0.80019,0.3506435500718347,0.8248802303094374,0.006266039612893021,0.0014502504388009753,G,True,11.0
Pos_103,0.7661439999999999,0.22671379273444284,0.9624930434426799,0.1301758647125167,0.021762882519908527,R,True,4.0
Pos_104,0.789075,0.07327133328025433,0.8207211619872599,0.011380346426869773,0.0005400121016501954,G,True,15.0
Pos_105,0.6766660000000001,0.02078524160839995,0.6460137138224603,0.0014786088526137935,1.3434591697598184e-05,Y,True,24.0
Pos_106,0.6224320000000001,0.0,0.3499185236892885,0.00032045841693840077,0.0,F,True,30.0
Pos_107,0.6337,0.00415704832167999,0.1881147432768511,8.532517716193499e-06,4.228329399722427e-09,D,True,28.0
Pos_108,0.5841999999999999,0.0,0.43465030774688557,0.0367901385057598,0.0,V,True,30.0
Pos_109,0.5328729999999999,0.0,0.0773200551619253,3.1833164943853444e-07,0.0,W,True,30.0
Pos_110,0.41435200000000005,0.0,0.07807080521360334,3.2841200280757675e-07,0.0,G,False,
Pos_111,0.428296,0.0,0.15195836399096882,5.084464706775593e-06,0.0,Q,False,
Pos_112,0.435268,0.0,0.07710539938470337,3.1678619610549164e-07,0.0,G,False,
Pos_113,0.41435200000000005,0.0,0.09212800595680601,5.671893718128636e-07,0.0,T,False,
Pos_114,0.421408,0.0,0.22337383755318224,0.00010704078353258038,0.0,L,False,
Pos_115,0.4073800000000001,0.0,0.09046766234192034,6.50656424139896e-07,0.0,V,False,
Pos_116,0.41452,0.0,0.08739635717551926,4.895646704108048e-07,0.0,T,False,
Pos_117,0.40032500000000004,0.0,0.07867438848853289,3.352196035026187e-07,0.0,V,False,
Pos_118,0.41452,0.0,0.07914008701707138,3.379748584001199e-07,0.0,S,False,
Pos_119,0.42846400000000007,0.0,0.09138334166407289,6.200532116697475e-07,0.0,S,False,
