,Pos_1,Pos_2,Pos_3,Pos_4,Pos_5,Pos_6,Pos_7,Pos_8,Pos_9,Pos_10,Pos_11,Pos_12,Pos_13,Pos_14,Pos_15,Pos_16,Pos_17,Pos_18,Pos_19,Pos_20,Pos_21,Pos_22,Pos_23,Pos_24,Pos_25,Pos_26,Pos_27,Pos_28,Pos_29,Pos_30,Pos_31,Pos_32,Pos_33,Pos_34,Pos_35,Pos_36,Pos_37,Pos_38,Pos_39,Pos_40,Pos_41,Pos_42,Pos_43,Pos_44,Pos_45,Pos_46,Pos_47,Pos_48,Pos_49,Pos_50,Pos_51,Pos_52,Pos_53,Pos_54,Pos_55,Pos_56,Pos_57,Pos_58,Pos_59,Pos_60,Pos_61,Pos_62,Pos_63,Pos_64,Pos_65,Pos_66,Pos_67,Pos_68,Pos_69,Pos_70,Pos_71,Pos_72,Pos_73,Pos_74,Pos_75,Pos_76,Pos_77,Pos_78,Pos_79,Pos_80,Pos_81,Pos_82,Pos_83,Pos_84,Pos_85,Pos_86,Pos_87,Pos_88,Pos_89,Pos_90,Pos_91,Pos_92,Pos_93,Pos_94,Pos_95,Pos_96,Pos_97,Pos_98,Pos_99,Pos_100,Pos_101,Pos_102,Pos_103,Pos_104,Pos_105,Pos_106,Pos_107
A,8.0,5.0,6.0,6.0,5.0,6.0,3.0,8.0,3.0,3.0,5.0,3.0,,3.0,5.0,6.0,8.0,6.0,4.0,5.0,5.0,5.0,9.0,6.0,,3.0,8.0,10.0,5.0,8.0,8.0,14.0,5.0,,14.0,9.0,6.0,6.0,6.0,8.0,6.0,6.0,,8.0,6.0,5.0,5.0,5.0,3.0,6.0,,5.0,3.0,5.0,6.0,5.0,6.0,4.0,8.0,3.0,6.0,8.0,3.0,6.0,3.0,6.0,3.0,6.0,5.0,8.0,9.0,5.0,5.0,5.0,5.0,3.0,3.0,5.0,6.0,8.0,6.0,8.0,4.0,,5.0,9.0,9.0,9.0,6.0,6.0,9.0,14.0,3.0,3.0,8.0,6.0,5.0,8.0,6.0,6.0,6.0,5.0,6.0,5.0,6.0,5.0,6.0
C,9.0,5.0,8.0,6.0,6.0,8.0,5.0,10.0,5.0,5.0,5.0,5.0,4.0,5.0,5.0,9.0,9.0,8.0,5.0,6.0,5.0,6.0,,8.0,4.0,5.0,9.0,11.0,5.0,9.0,9.0,13.0,5.0,4.0,13.0,9.0,8.0,8.0,8.0,10.0,9.0,8.0,4.0,10.0,8.0,5.0,5.0,5.0,5.0,9.0,4.0,6.0,5.0,5.0,9.0,6.0,9.0,5.0,10.0,5.0,8.0,8.0,5.0,9.0,5.0,9.0,5.0,9.0,6.0,9.0,9.0,6.0,5.0,6.0,5.0,5.0,5.0,5.0,8.0,10.0,9.0,9.0,5.0,4.0,6.0,9.0,9.0,,8.0,8.0,9.0,13.0,5.0,5.0,10.0,8.0,6.0,8.0,9.0,9.0,9.0,6.0,8.0,5.0,9.0,5.0,8.0
D,,7.0,5.0,8.0,6.0,5.0,4.0,8.0,4.0,4.0,8.0,4.0,6.0,4.0,8.0,7.0,,7.0,7.0,6.0,7.0,6.0,12.0,6.0,6.0,4.0,,9.0,7.0,5.0,5.0,15.0,8.0,6.0,15.0,10.0,5.0,5.0,6.0,8.0,7.0,6.0,6.0,8.0,7.0,8.0,8.0,7.0,4.0,7.0,6.0,6.0,4.0,8.0,3.0,6.0,7.0,7.0,8.0,4.0,7.0,9.0,4.0,7.0,4.0,7.0,4.0,7.0,6.0,,10.0,6.0,8.0,6.0,7.0,4.0,4.0,8.0,5.0,8.0,3.0,,7.0,6.0,6.0,10.0,10.0,12.0,5.0,5.0,10.0,15.0,4.0,4.0,8.0,7.0,6.0,9.0,7.0,7.0,7.0,6.0,6.0,8.0,3.0,7.0,6.0
E,4.0,7.0,3.0,7.0,6.0,3.0,4.0,8.0,4.0,4.0,7.0,4.0,5.0,4.0,7.0,8.0,4.0,5.0,6.0,6.0,7.0,6.0,13.0,4.0,5.0,4.0,4.0,8.0,7.0,6.0,6.0,14.0,7.0,5.0,14.0,9.0,3.0,3.0,4.0,8.0,8.0,4.0,5.0,8.0,5.0,7.0,7.0,7.0,4.0,8.0,5.0,6.0,4.0,7.0,,6.0,8.0,6.0,8.0,4.0,5.0,9.0,4.0,8.0,4.0,8.0,4.0,8.0,6.0,4.0,9.0,6.0,7.0,6.0,7.0,4.0,4.0,7.0,3.0,8.0,,4.0,6.0,5.0,6.0,9.0,9.0,13.0,3.0,3.0,9.0,14.0,4.0,4.0,8.0,5.0,6.0,9.0,8.0,8.0,8.0,6.0,4.0,7.0,,7.0,4.0
F,9.0,4.0,8.0,5.0,7.0,8.0,6.0,11.0,6.0,6.0,4.0,6.0,6.0,6.0,4.0,9.0,9.0,8.0,5.0,7.0,4.0,7.0,11.0,8.0,6.0,6.0,9.0,9.0,4.0,9.0,9.0,10.0,4.0,6.0,10.0,4.0,8.0,8.0,8.0,11.0,9.0,8.0,6.0,11.0,8.0,4.0,4.0,4.0,6.0,9.0,6.0,7.0,6.0,4.0,8.0,7.0,9.0,5.0,11.0,6.0,8.0,,6.0,9.0,6.0,9.0,6.0,9.0,7.0,9.0,4.0,7.0,4.0,7.0,4.0,6.0,6.0,4.0,8.0,11.0,8.0,9.0,5.0,6.0,7.0,4.0,4.0,11.0,8.0,8.0,4.0,10.0,6.0,6.0,11.0,8.0,7.0,,9.0,9.0,9.0,7.0,8.0,4.0,8.0,4.0,8.0
G,7.0,8.0,7.0,8.0,7.0,7.0,4.0,9.0,4.0,4.0,8.0,4.0,4.0,4.0,8.0,,7.0,7.0,7.0,7.0,8.0,7.0,12.0,7.0,4.0,4.0,7.0,10.0,8.0,6.0,6.0,13.0,8.0,4.0,13.0,10.0,7.0,7.0,7.0,9.0,,7.0,4.0,9.0,7.0,8.0,8.0,8.0,4.0,,4.0,7.0,4.0,8.0,7.0,7.0,,7.0,9.0,4.0,7.0,9.0,4.0,,4.0,,4.0,,7.0,7.0,10.0,7.0,8.0,7.0,8.0,4.0,4.0,8.0,7.0,9.0,7.0,7.0,7.0,4.0,7.0,10.0,10.0,12.0,7.0,7.0,10.0,13.0,4.0,4.0,9.0,7.0,7.0,9.0,,,,7.0,7.0,8.0,7.0,8.0,7.0
H,7.0,7.0,5.0,7.0,7.0,5.0,5.0,9.0,5.0,5.0,7.0,5.0,6.0,5.0,7.0,8.0,7.0,5.0,7.0,7.0,7.0,7.0,12.0,6.0,6.0,5.0,7.0,,7.0,5.0,5.0,13.0,7.0,6.0,13.0,5.0,5.0,5.0,6.0,9.0,8.0,6.0,6.0,9.0,5.0,7.0,7.0,7.0,5.0,8.0,6.0,7.0,5.0,7.0,5.0,7.0,8.0,7.0,9.0,5.0,5.0,7.0,5.0,8.0,5.0,8.0,5.0,8.0,7.0,7.0,5.0,7.0,7.0,7.0,7.0,5.0,5.0,7.0,5.0,9.0,5.0,7.0,7.0,6.0,7.0,5.0,5.0,12.0,5.0,5.0,5.0,13.0,5.0,5.0,9.0,5.0,7.0,7.0,8.0,8.0,8.0,7.0,6.0,7.0,5.0,7.0,6.0
I,9.0,,8.0,4.0,6.0,8.0,6.0,10.0,6.0,6.0,2.0,6.0,5.0,6.0,2.0,10.0,9.0,8.0,1.0,6.0,,6.0,10.0,8.0,5.0,6.0,9.0,11.0,,9.0,9.0,14.0,2.0,5.0,14.0,8.0,8.0,8.0,8.0,10.0,10.0,8.0,5.0,10.0,8.0,2.0,2.0,,6.0,10.0,5.0,6.0,6.0,2.0,8.0,6.0,10.0,1.0,10.0,6.0,8.0,6.0,6.0,10.0,6.0,10.0,6.0,10.0,6.0,9.0,8.0,6.0,2.0,6.0,,6.0,6.0,2.0,8.0,10.0,8.0,9.0,1.0,5.0,6.0,8.0,8.0,10.0,8.0,8.0,8.0,14.0,6.0,6.0,10.0,8.0,6.0,6.0,10.0,10.0,10.0,6.0,8.0,2.0,8.0,,8.0
K,7.0,7.0,4.0,6.0,6.0,4.0,4.0,8.0,4.0,4.0,6.0,4.0,5.0,4.0,6.0,8.0,7.0,3.0,6.0,6.0,7.0,6.0,12.0,,5.0,4.0,7.0,9.0,7.0,6.0,6.0,14.0,6.0,5.0,14.0,9.0,4.0,4.0,,8.0,8.0,,5.0,8.0,3.0,6.0,6.0,7.0,4.0,8.0,5.0,6.0,4.0,6.0,4.0,6.0,8.0,6.0,8.0,4.0,3.0,9.0,4.0,8.0,4.0,8.0,4.0,8.0,6.0,7.0,9.0,6.0,6.0,6.0,7.0,4.0,4.0,6.0,4.0,8.0,4.0,7.0,6.0,5.0,6.0,9.0,9.0,12.0,4.0,4.0,9.0,14.0,4.0,4.0,8.0,3.0,6.0,9.0,8.0,8.0,8.0,6.0,,6.0,4.0,7.0,
L,10.0,2.0,7.0,3.0,6.0,7.0,6.0,10.0,6.0,6.0,,6.0,5.0,6.0,,10.0,10.0,7.0,3.0,6.0,2.0,6.0,10.0,7.0,5.0,6.0,10.0,11.0,2.0,9.0,9.0,13.0,,5.0,13.0,8.0,7.0,7.0,7.0,10.0,10.0,7.0,5.0,10.0,7.0,,,2.0,6.0,10.0,5.0,6.0,6.0,,8.0,6.0,10.0,3.0,10.0,6.0,7.0,6.0,6.0,10.0,6.0,10.0,6.0,10.0,6.0,10.0,8.0,6.0,,6.0,2.0,6.0,6.0,,7.0,10.0,8.0,10.0,3.0,5.0,6.0,8.0,8.0,10.0,7.0,7.0,8.0,13.0,6.0,6.0,10.0,7.0,6.0,6.0,10.0,10.0,10.0,6.0,7.0,,8.0,2.0,7.0
M,9.0,3.0,5.0,,6.0,5.0,5.0,9.0,5.0,5.0,2.0,5.0,5.0,5.0,2.0,9.0,9.0,6.0,3.0,6.0,3.0,6.0,10.0,6.0,5.0,5.0,9.0,10.0,3.0,8.0,8.0,12.0,2.0,5.0,12.0,8.0,5.0,5.0,6.0,9.0,9.0,6.0,5.0,9.0,6.0,2.0,2.0,3.0,5.0,9.0,5.0,6.0,5.0,2.0,7.0,6.0,9.0,3.0,9.0,5.0,6.0,6.0,5.0,9.0,5.0,9.0,5.0,9.0,6.0,9.0,8.0,6.0,2.0,6.0,3.0,5.0,5.0,2.0,5.0,9.0,7.0,9.0,3.0,5.0,6.0,8.0,8.0,10.0,5.0,5.0,8.0,12.0,5.0,5.0,9.0,6.0,6.0,6.0,9.0,9.0,9.0,6.0,6.0,2.0,7.0,3.0,6.0
N,5.0,7.0,5.0,7.0,5.0,5.0,3.0,9.0,3.0,3.0,7.0,3.0,6.0,3.0,7.0,6.0,5.0,5.0,7.0,5.0,7.0,5.0,12.0,5.0,6.0,3.0,5.0,7.0,7.0,,,15.0,7.0,6.0,15.0,9.0,5.0,5.0,5.0,9.0,6.0,5.0,6.0,9.0,5.0,7.0,7.0,7.0,3.0,6.0,6.0,5.0,3.0,7.0,5.0,5.0,6.0,7.0,9.0,3.0,5.0,9.0,3.0,6.0,3.0,6.0,3.0,6.0,5.0,5.0,9.0,5.0,7.0,5.0,7.0,3.0,3.0,7.0,5.0,9.0,5.0,5.0,7.0,6.0,5.0,9.0,9.0,12.0,5.0,5.0,9.0,15.0,3.0,3.0,9.0,5.0,5.0,9.0,6.0,6.0,6.0,5.0,5.0,7.0,5.0,7.0,5.0
P,7.0,7.0,6.0,7.0,6.0,6.0,5.0,,5.0,5.0,7.0,5.0,5.0,5.0,7.0,8.0,7.0,7.0,6.0,6.0,7.0,6.0,12.0,6.0,5.0,5.0,7.0,10.0,7.0,8.0,8.0,15.0,7.0,5.0,15.0,10.0,6.0,6.0,6.0,,8.0,6.0,5.0,,7.0,7.0,7.0,7.0,5.0,8.0,5.0,6.0,5.0,7.0,6.0,6.0,8.0,6.0,,5.0,7.0,10.0,5.0,8.0,5.0,8.0,5.0,8.0,6.0,7.0,10.0,6.0,7.0,6.0,7.0,5.0,5.0,7.0,6.0,,6.0,7.0,6.0,5.0,6.0,10.0,10.0,12.0,6.0,6.0,10.0,15.0,5.0,5.0,,7.0,6.0,10.0,8.0,8.0,8.0,6.0,6.0,7.0,6.0,7.0,6.0
Q,6.0,7.0,,5.0,6.0,,4.0,8.0,4.0,4.0,6.0,4.0,5.0,4.0,6.0,8.0,6.0,4.0,6.0,6.0,7.0,6.0,12.0,4.0,5.0,4.0,6.0,8.0,7.0,6.0,6.0,13.0,6.0,5.0,13.0,8.0,,,4.0,8.0,8.0,4.0,5.0,8.0,4.0,6.0,6.0,7.0,4.0,8.0,5.0,6.0,4.0,6.0,3.0,6.0,8.0,6.0,8.0,4.0,4.0,9.0,4.0,8.0,4.0,8.0,4.0,8.0,6.0,6.0,8.0,6.0,6.0,6.0,7.0,4.0,4.0,6.0,,8.0,3.0,6.0,6.0,5.0,6.0,8.0,8.0,12.0,,,8.0,13.0,4.0,4.0,8.0,4.0,6.0,9.0,8.0,8.0,8.0,6.0,4.0,6.0,3.0,7.0,4.0
R,8.0,7.0,4.0,6.0,6.0,4.0,5.0,9.0,5.0,5.0,6.0,5.0,5.0,5.0,6.0,8.0,8.0,,7.0,6.0,7.0,6.0,12.0,3.0,5.0,5.0,8.0,8.0,7.0,6.0,6.0,14.0,6.0,5.0,14.0,9.0,4.0,4.0,3.0,9.0,8.0,3.0,5.0,9.0,,6.0,6.0,7.0,5.0,8.0,5.0,6.0,5.0,6.0,5.0,6.0,8.0,7.0,9.0,5.0,,9.0,5.0,8.0,5.0,8.0,5.0,8.0,6.0,8.0,9.0,6.0,6.0,6.0,7.0,5.0,5.0,6.0,4.0,9.0,5.0,8.0,7.0,5.0,6.0,9.0,9.0,12.0,4.0,4.0,9.0,14.0,5.0,5.0,9.0,,6.0,9.0,8.0,8.0,8.0,6.0,3.0,6.0,5.0,7.0,3.0
S,6.0,6.0,5.0,6.0,4.0,5.0,,8.0,,,6.0,,3.0,,6.0,6.0,6.0,6.0,6.0,4.0,6.0,4.0,10.0,5.0,3.0,,6.0,9.0,6.0,5.0,5.0,14.0,6.0,3.0,14.0,9.0,5.0,5.0,5.0,8.0,6.0,5.0,3.0,8.0,6.0,6.0,6.0,6.0,,6.0,3.0,4.0,,6.0,5.0,4.0,6.0,6.0,8.0,,6.0,8.0,,6.0,,6.0,,6.0,4.0,6.0,9.0,4.0,6.0,4.0,6.0,,,6.0,5.0,8.0,5.0,6.0,6.0,3.0,4.0,9.0,9.0,10.0,5.0,5.0,9.0,14.0,,,8.0,6.0,4.0,8.0,6.0,6.0,6.0,4.0,5.0,6.0,5.0,6.0,5.0
T,7.0,5.0,6.0,6.0,,6.0,3.0,8.0,3.0,3.0,5.0,3.0,4.0,3.0,5.0,8.0,7.0,6.0,4.0,,5.0,,10.0,6.0,4.0,3.0,7.0,10.0,5.0,6.0,6.0,13.0,5.0,4.0,13.0,9.0,6.0,6.0,6.0,8.0,8.0,6.0,4.0,8.0,6.0,5.0,5.0,5.0,3.0,8.0,4.0,,3.0,5.0,6.0,,8.0,4.0,8.0,3.0,6.0,8.0,3.0,8.0,3.0,8.0,3.0,8.0,,7.0,9.0,,5.0,,5.0,3.0,3.0,5.0,6.0,8.0,6.0,7.0,4.0,4.0,,9.0,9.0,10.0,6.0,6.0,9.0,13.0,3.0,3.0,8.0,6.0,,8.0,8.0,8.0,8.0,,6.0,5.0,6.0,5.0,6.0
V,9.0,1.0,7.0,4.0,5.0,7.0,6.0,9.0,6.0,6.0,3.0,6.0,4.0,6.0,3.0,9.0,9.0,8.0,,5.0,1.0,5.0,10.0,7.0,4.0,6.0,9.0,11.0,1.0,9.0,9.0,14.0,3.0,4.0,14.0,8.0,7.0,7.0,7.0,9.0,9.0,7.0,4.0,9.0,8.0,3.0,3.0,1.0,6.0,9.0,4.0,5.0,6.0,3.0,7.0,5.0,9.0,,9.0,6.0,8.0,7.0,6.0,9.0,6.0,9.0,6.0,9.0,5.0,9.0,8.0,5.0,3.0,5.0,1.0,6.0,6.0,3.0,7.0,9.0,7.0,9.0,,4.0,5.0,8.0,8.0,10.0,7.0,7.0,8.0,14.0,6.0,6.0,9.0,8.0,5.0,7.0,9.0,9.0,9.0,5.0,7.0,3.0,7.0,1.0,7.0
W,10.0,7.0,7.0,6.0,7.0,7.0,7.0,11.0,7.0,7.0,6.0,7.0,7.0,7.0,6.0,8.0,10.0,8.0,7.0,7.0,7.0,7.0,11.0,8.0,7.0,7.0,10.0,10.0,7.0,10.0,10.0,,6.0,7.0,,5.0,7.0,7.0,8.0,11.0,8.0,8.0,7.0,11.0,8.0,6.0,6.0,7.0,7.0,8.0,7.0,7.0,7.0,6.0,8.0,7.0,8.0,7.0,11.0,7.0,8.0,5.0,7.0,8.0,7.0,8.0,7.0,8.0,7.0,10.0,5.0,7.0,6.0,7.0,7.0,7.0,7.0,6.0,7.0,11.0,8.0,10.0,7.0,7.0,7.0,5.0,5.0,11.0,7.0,7.0,5.0,,7.0,7.0,11.0,8.0,7.0,5.0,8.0,8.0,8.0,7.0,8.0,6.0,8.0,7.0,8.0
Y,9.0,5.0,6.0,6.0,7.0,6.0,6.0,10.0,6.0,6.0,5.0,6.0,6.0,6.0,5.0,9.0,9.0,7.0,5.0,7.0,5.0,7.0,11.0,7.0,6.0,6.0,9.0,6.0,5.0,8.0,8.0,9.0,5.0,6.0,9.0,,6.0,6.0,7.0,10.0,9.0,7.0,6.0,10.0,7.0,5.0,5.0,5.0,6.0,9.0,6.0,7.0,6.0,5.0,7.0,7.0,9.0,5.0,10.0,6.0,7.0,3.0,6.0,9.0,6.0,9.0,6.0,9.0,7.0,9.0,,7.0,5.0,7.0,5.0,6.0,6.0,5.0,6.0,10.0,7.0,9.0,5.0,6.0,7.0,,,11.0,6.0,6.0,,9.0,6.0,6.0,10.0,7.0,7.0,3.0,9.0,9.0,9.0,7.0,7.0,5.0,7.0,5.0,7.0
