,Pos_1,Pos_2,Pos_3,Pos_4,Pos_5,Pos_6,Pos_7,Pos_8,Pos_9,Pos_10,Pos_11,Pos_12,Pos_13,Pos_14,Pos_15,Pos_16,Pos_17,Pos_18,Pos_19,Pos_20,Pos_21,Pos_22,Pos_23,Pos_24,Pos_25,Pos_26,Pos_27,Pos_28,Pos_29,Pos_30,Pos_31,Pos_32,Pos_33,Pos_34,Pos_35,Pos_36,Pos_37,Pos_38,Pos_39,Pos_40,Pos_41,Pos_42,Pos_43,Pos_44,Pos_45,Pos_46,Pos_47,Pos_48,Pos_49,Pos_50,Pos_51,Pos_52,Pos_53,Pos_54,Pos_55,Pos_56,Pos_57,Pos_58,Pos_59,Pos_60,Pos_61,Pos_62,Pos_63,Pos_64,Pos_65,Pos_66,Pos_67,Pos_68,Pos_69,Pos_70,Pos_71,Pos_72,Pos_73,Pos_74,Pos_75,Pos_76,Pos_77,Pos_78,Pos_79,Pos_80,Pos_81,Pos_82,Pos_83,Pos_84,Pos_85,Pos_86,Pos_87,Pos_88,Pos_89,Pos_90,Pos_91,Pos_92,Pos_93,Pos_94,Pos_95,Pos_96,Pos_97,Pos_98,Pos_99,Pos_100,Pos_101,Pos_102,Pos_103,Pos_104,Pos_105,Pos_106,Pos_107,Pos_108,Pos_109,Pos_110,Pos_111,Pos_112,Pos_113,Pos_114,Pos_115,Pos_116,Pos_117,Pos_118,Pos_119
A,-3.5567408138921373,-2.5552789970000687,-4.530656956781383,-4.614006889113932,-4.283692956817758,-4.472658205816608,-4.26226257969014,-4.044334646435288,5.258269974526863,-2.3195175874235185,-4.315511602631675,-2.3249245483971306,-2.8140400094618996,-3.801725937705458,-4.449137893098427,4.631360312708855,-3.795990738674709,-4.540952389313353,-4.522056531915675,-4.579109634840655,-4.188254270389252,-4.635696559878422,6.2873355520782175,7.868046740153945,-3.979844565808469,-3.8927858341098998,-3.436378418774945,-1.3160510549440627,-4.547415749963657,-3.223249353072416,-2.3143391484006974,-1.0542554216168725,4.48455828342097,-3.5466488966265595,-2.046197149796556,-4.6405949772550095,-4.141846785110485,-4.640593723537892,-4.611390866661359,7.632538463082412,-3.576102927228295,-3.9689603022716944,-4.486655806940615,-1.3834100362788704,-4.643856189774725,-4.460550059185453,-4.560242874346328,-4.579274485699106,4.479838205218204,0.8598746180030208,-4.529549730151705,-3.5657593630683784,0.22885299197830666,-1.350886111125256,-0.5601973528391939,-2.160855638131664,1.513041478427712,1.3650461373997085,-1.6582899172954992,-4.349210801598845,7.049033654970491,-0.4622978306445386,-0.7803238936140957,-0.40710301840042873,-4.383132307702868,-3.752813858954396,-4.5985231271704645,2.488961346259684,-0.3388899538679556,-4.56179753489697,-4.080920866461425,4.094351070082309,-4.340255117562219,-3.1703233267384796,2.5258062634994825,-0.5644588226696388,-4.155519034246844,-2.79907896002512,5.816884513294073,-4.48512392091096,-4.6389650890062155,-4.404393298162305,-4.624340347063367,-3.4187833914766546,-3.6815699332547265,-4.229686579811328,-3.8785022018737507,6.348939934819997,2.363196205236265,-4.547605573704663,-3.833946717053413,8.574309071986466,-4.269438116471234,-4.643856189774725,-4.640594645482496,-4.595328472069145,7.963093167783729,-2.2988234590891072,0.6075827601737219,0.9119089839699878,-0.005666960021437218,0.48319023936205363,0.7732618718828645,1.1009734541066294,2.3852502019536415,-3.507778552126019,1.7148309849258079,-2.4703098556440284,-4.642212607900215,-4.43338950298614,0.32451663329654973,-4.591713093206674,-2.90796260836098,-3.7926185772359324,-4.546292247272805,-4.022236198595517,-4.399216307329732,-4.200643929202057,-0.15214167391658212
C,-4.5955579522879875,-4.53903209766583,-4.643856189774725,-4.597556408224433,-4.643856189774725,-4.604195208894812,-4.579891236447434,-4.640559297808225,-4.638905986836179,-4.54211321912612,-4.6405773370562295,-4.642216931199246,-4.643856189774725,-4.640581987912149,-4.642218940345445,-4.62425594402777,-4.632418533610704,-4.6422197667561065,-4.64221972035066,-4.637315762342132,-4.585615141056163,8.67051111368907,-4.64222078701049,-4.606492353209123,-4.622695048406509,-4.640589901135117,-4.492558084528776,-4.635690001387071,-4.568039364850641,-4.5647879655609644,-4.607965964558852,-3.7173607015788726,-4.150828867509653,-4.5664710460776385,-3.1502442945125795,-4.600137812532432,-4.643856189774725,-4.604947966968061,-4.634078180207856,-4.640591970406427,-4.62272473237372,-4.632457070853968,-4.637335826153502,-3.375798740350778,-4.642225353238419,-4.643856189774725,-4.258072555583454,-4.63733258292217,-4.519209661850396,-2.992514642248537,-4.559369381839162,-4.550205563213616,-4.387235964120013,-4.544655724246108,-4.6291520348227415,-4.6259201745953,-4.62254125143364,-4.6340367514091385,-4.5919432371025195,-4.327181901360274,-4.571326786635299,-4.640592155035303,-4.635703891050613,-4.632445543422425,-4.6405901784218075,-4.643856189774725,-4.640594387390535,-4.586512505302211,-4.643856189774725,-4.534955181431613,-4.643856189774725,-4.637282009402278,-4.643856189774725,-4.643856189774725,-4.613007048871499,-4.643856189774725,-4.640593649759807,-4.637336341824822,-4.608175569961448,-4.4743329659581486,-4.643856189774725,-4.643856189774725,-4.643856189774725,-4.465060681810523,-4.622721874895555,-4.64222526105753,-4.638963900335608,-4.621094859659359,-4.632454947436472,-4.643856189774725,-4.622720803141996,-4.640595382663096,-4.609789795455841,-4.590505645230008,-4.574532819171513,8.669819766811313,-4.587202240058824,-4.512094436189039,-4.186719456469849,-4.364277861909194,-3.017398829820008,-3.31800965874965,-4.237975903162891,-3.8545220808748657,-3.5093790862854988,-4.123486894762128,-4.5618874469756125,-4.193430639574427,-4.586880683167306,-4.585355679451233,-4.534215103830556,-4.6323690958492465,-4.640563079382023,-4.640552181533504,-4.625720739615704,-4.643856189774725,-4.62058853122059,-4.575983730158516,-4.635314623938425
D,-2.164038562300273,-4.525989511678619,-4.550027480429834,-4.643856189774725,-3.740500118143322,-4.489959022356079,-4.640541211317268,-4.370254463230887,-4.530508110678561,-1.6060453598663076,-4.566174142989448,-4.629136281910148,-4.6373000839979275,-4.6324127013628145,-4.555159267466731,-3.4633250792813204,-4.640583658992056,-4.63731605883771,-4.637315873531123,-4.642219692506129,-4.522252433214343,-4.64222241677399,-4.397819545240139,-4.334080677830707,-4.366785397257914,-3.8378901924853532,-1.54025540978732,-1.5274934510763503,-4.630809696821977,-1.0859552353116422,3.548843928965356,-2.4764251562874198,-0.8159269961584339,-4.632440771077752,-1.3277425680559622,-4.643856189774725,-4.635708080954376,-4.640593723537892,-4.638963043028565,-4.5920667011144145,-4.6178701415862315,-2.7547685119329732,-4.59210124709742,-4.315715677810789,-4.643856189774725,-3.2919267662874834,-4.6389659179692755,-4.634076302154745,-4.624325816325628,-1.1506085172826437,-4.579421747212557,1.147199364870829,-0.9851836757823864,2.716309272084511,2.3956396864219243,1.5079484627954685,2.4288048329683036,-4.101459181439911,0.8883276658919284,-4.254943692824625,-2.3425280411611262,5.480064033648597,-1.7956533331431934,-4.630819128515444,-4.506652608665548,1.0998300359475122,-4.6340818237820764,-4.630648226623338,-4.581674999961255,-4.643856189774725,-4.389472156867165,-4.585220942581362,8.516753549998628,2.6150464977897716,-3.874664984741794,-4.466555438954306,-1.7498197544804972,-4.32150494898754,-4.509931943823909,-1.7502641024373964,-4.643856189774725,-1.8235073537943867,-4.643856189774725,-1.8236633842196415,-3.9948973406577895,-4.643856189774725,-1.3175868696252038,-3.291438328891657,2.6400073946268607,8.664609609849286,-4.642224883006913,-4.536576690327891,-4.580906770678869,-4.6422249291200295,-4.579315657559078,-4.642225380890653,-4.603275893169612,-4.427481558281173,3.261531333754597,1.2835185833863134,-0.11083338330934453,1.5816628587512778,1.765000381612429,2.0160308407807395,-1.4953912378091554,-3.8056371593991796,7.9567881757732515,-2.8098958888698125,-4.622562305805945,-4.436443359322033,-4.616052867723578,-4.614409839714809,-4.59323057446762,-4.6372519523257525,-4.6339499982492,-4.630642404786274,-4.6156269219519865,-4.63382335544559,-4.633609340837201
E,6.491136883001434,-3.244300044970104,-3.994817814282388,-4.643856189774725,-0.8418853154161424,7.165163840816558,-4.533230218934662,-4.0097048082109925,-4.503639879731481,5.771883864493941,-4.528103573123973,-3.796077400418665,-3.637326025607482,-4.642218624417616,-3.901422746211377,2.464357182821043,-4.642219460431514,-4.629161686590479,-4.317621169288045,-4.642219692506129,-4.643856189774725,-4.638957643393721,-2.6063372079492573,-4.616192891567277,-4.590439499468654,-3.6041583677115523,-3.962522549720555,-3.7809186465562346,-4.632437286035811,-3.937770366918296,-2.3937678993199305,-4.240062303590792,-2.4876963502335645,-4.640590030541431,-2.6559422364228813,-4.6405949772550095,-4.630830237448624,-4.638963872685232,-4.392323779233758,-4.454260000255791,-4.6146382794191725,0.18990707615912228,-2.6652154727300816,-4.088960375906301,-4.627589155580916,8.585457781950522,-4.64222517808582,-4.634076302154745,-4.560163114626126,2.0071727219835265,-4.596239166430708,-4.0959207745452195,-3.805317806298718,-0.5738548747758778,-2.876194354331535,-3.1030500067440223,0.6059878373162704,-3.092653424682161,-0.797644210323022,-4.606546129527797,-4.2579132307012255,2.789265103406297,-3.5866876882421614,-4.596874492671329,-1.4902292910502541,-3.8553885230875697,-4.522428878768885,-4.638896115755023,-4.5930291984656435,-4.640593852641513,-4.609796497636744,-3.3745196613511808,-1.6611636166933055,0.7915091801997441,-4.588883321305028,-3.2016158733901956,-3.9739376898709535,-4.320046001237984,-4.637335899825828,-4.517741059548884,-4.643856189774725,4.907734219914638,-4.642224818444169,-4.58888455349236,-4.538126013197679,-4.629210912397551,-4.246523516592634,-4.509906033989496,7.766947243590341,-4.339171489763697,-4.637336489144504,-4.630835013613068,-3.8811397343381686,-4.643856189774725,-4.643856189774725,-4.638966525696956,-4.283213685084482,-4.138273820187464,1.525384168099057,-1.3885021764502812,-2.114215427492159,-2.0556848982173914,-0.33542137734700617,-1.5075323871366602,-3.011903105636695,-4.149339887088654,-1.8094045976661366,-4.311661506815912,-4.637287472144737,-4.643856189774725,-4.341452757687436,-4.625825516490084,-4.535533030527883,-3.772995003634301,-4.640550345583907,-4.635590485480607,-4.579500163507867,-4.640508034021794,-4.591301554796192
F,-4.628243413832926,-4.349325757289359,-4.590805294251689,-4.48022771333464,-4.587699143707858,-4.643856189774725,-4.411348340843691,-4.643856189774725,-4.642205178324776,-4.622565810824784,-4.270483207046659,-4.314168489400135,-4.643856189774725,-4.571070629899766,-4.63567921704596,-4.635673234056848,-4.5488434116256915,-4.609684706140757,-4.408206318930087,-4.509527349899576,-4.432779630987389,-4.617826185992717,-4.608089725039042,-1.4378373440275056,-3.534522066474719,-4.638958142320751,6.780100483268407,-4.4023741956146765,7.870446198418995,-4.3353938465434405,-4.058942354016774,0.17919796817167705,-1.782513151972948,-2.791217581926978,-3.1766417693576883,-4.549166868959898,-3.4533824419774235,-4.643856189774725,-4.625955074907597,-2.6145213999277583,-4.634083975527134,-4.643856189774725,-4.642224716978102,-4.643856189774725,-3.5705654106401847,-4.643856189774725,-4.040938833018654,-4.560178518700779,-4.6357024627365995,-0.21112135968233714,-1.4764700874849352,-1.708143461591574,-2.9767552340313705,-2.8861993001539896,0.4662543058556388,-4.280132412356243,-2.8469287284849805,-4.282243072174205,-0.9715543589113562,-1.455745805347409,-4.62109550090249,-4.622705667910719,-4.081867904929068,5.86373227133669,-4.642222721993088,-4.632442706293129,-4.643856189774725,6.607727849305879,-4.506575331371016,0.6240656330712184,-4.212750054828731,-4.254987411189321,-4.622699583881124,-4.204115106218199,-3.918763188156202,-4.557011013082597,-4.209770361582412,-4.288134383195288,2.0188846068027306,1.4774498044224533,-3.257245854633253,-4.571339749660732,-3.5871933280778316,-4.55861521691556,-4.495965167723429,-4.619488528760743,-4.634079891921872,-3.433813469096526,-4.643856189774725,-4.643856189774725,-4.488217048530999,-4.640595382663096,-3.703797945957287,-3.207244556870202,2.7485913965294415,-4.6017518720544865,-4.579198867361099,-3.938605599633474,-2.7936979889768243,-1.5501088435911612,2.164817783375751,-1.9057291574040935,-0.5023579466958281,-1.8621257194245235,-0.36571821386653147,6.899829782342026,-4.221573846514346,-0.06802806453010744,-4.606288665861198,-4.625854866109403,-4.642213262993382,-4.614409839714809,-4.604584772972008,-4.606086615202543,-4.612602549760606,-4.612571695015073,-4.545432428436264,-4.410656773636762,-4.62509801014097
G,-3.8123856163634646,-4.236796090299688,-4.623847625932248,-4.618960378044517,-4.6371924683792285,-4.532869732028973,-4.210423174456393,8.650880129696285,6.603431714047289,7.039202615142193,-4.612856507059107,-4.455043683360017,-4.603122818023547,-4.621014418722709,8.203424054118273,5.839665565618106,-4.446138573600498,-4.62103029440518,-4.544110415674335,-4.612920356627107,-4.640589549837709,-4.6162070813697795,-3.935241892795615,-0.7263868249250922,-4.600078359549011,8.591398723922602,2.697319578247528,-4.213164437985423,-4.186792031821791,-2.209363445776126,2.240764634499699,-3.6170986966389393,3.7907886898462735,-4.568062248033644,1.1738408003363465,-4.619486470679975,-4.6130150320819485,-4.622715800187772,-4.629201573311208,-4.076413151719299,-4.629210251614837,8.46222298217391,-4.114547089086767,8.358877739613915,-4.640595437938208,-4.584113458991642,-4.489790694057852,-4.600105403665989,7.277595742545829,2.414919898336294,-4.5979263120400375,-2.641749246966485,2.396987631093129,3.0726490125578594,5.024785983744833,7.1097289607910525,1.3387770227194393,-4.246311232063661,-0.9839594212437031,-4.621088316914971,-2.112297555537981,-2.398233840400698,-2.4187177448702664,-4.603309424545453,-4.520709272605278,7.885987888755275,-4.5507295750650965,-4.424082972344346,-4.578439132805419,-4.560211641582975,-4.604963482216094,-3.67939854560391,-4.287804750356924,-4.232284577220212,-3.4412684451023106,-4.059137149539262,-3.45106254360639,-4.6162480097465055,-3.8487107693210225,-4.614632360867526,-4.643856189774725,-4.474322723270061,-4.587299964382919,-3.860959114433936,-2.256848177153036,-4.627588238436218,-3.0243820818862264,-3.842384663490243,-3.1481649588650527,-4.52247190217305,-4.638965033732019,-0.613518613859566,-4.609789795455841,-4.643856189774725,-4.621102424026735,-4.638966525696956,-2.307922994682033,-3.0474580600957677,5.474257089140771,5.145315597471707,0.06821450454777135,5.599617369058128,0.9754672976743373,5.249522827915146,0.5037463075939081,-2.8616015384961035,-2.261030655518632,-4.037017913414878,-4.577225427237384,8.65901210919063,-4.5168640656763825,8.665900543629764,-4.624153669251335,-4.620807190601692,-4.549491784181633,-4.638893926315171,-4.625558686985958,-4.533755458171817,-4.237584153159863
H,-4.335641853172509,-4.6269610753561645,-2.9990670155646546,-4.635533695609205,-4.45034972401555,-4.605836911118132,-4.642198224480315,-4.643856189774725,-4.58177253142618,-4.570818409875235,-4.634030788401561,-4.640578603396694,-3.9798645021991654,-4.624266478894275,-4.643856189774725,-4.564646647789288,-4.643856189774725,-4.608067543467049,-4.632420346875554,-4.640584122878241,-4.637326603983668,-4.643856189774725,-4.621044473488746,-4.632433282066302,-4.556954822334388,-4.606515269096424,-4.012010289602886,-4.56003686792201,-4.614584101110857,-4.1683256355397615,-1.8494066620672427,0.8231648225934289,-3.189681420256344,-4.6275622402959105,5.389941539105781,-4.643856189774725,-4.6405941845753365,-4.587288876328662,-3.8783843002670024,-3.0209159431969885,-1.867286597353637,-4.642224984452329,-2.4376827095398217,-4.622723184668971,-4.63408496832074,-4.624344306240018,-4.571358375893411,-4.642223904794962,-4.643856189774725,-1.557972152302857,-4.5895004318020804,-1.3421607805644935,-1.998280703511823,0.28510832655890683,-4.101880257097368,-3.8808339230012368,-1.9776822242991228,-4.470480601863846,0.8432184648224522,-2.9658710101259924,-4.1693326860698345,-3.9530259028047405,-4.321325461214328,-4.5665030311703925,-4.2934811100313786,-4.335791414041134,-3.586067116960516,-4.643856189774725,-4.392157664918647,-4.637335199871511,-4.62920992120112,-4.593293820735234,-4.256214878419324,-4.519260733805317,-4.542808376006275,-4.621088573564042,-4.295278102946102,-3.8045029956232486,-4.561806228722716,-3.378821314568615,-4.637336562801848,-2.6131124270572506,-4.642224818444169,-3.6371612816247136,-4.440692217301998,-4.64222526105753,-4.569737619232455,-4.486627246312988,-4.6292057071190325,-4.635711530935595,-4.640594498006377,-4.643856189774725,-4.6324559770710145,-4.5475772013484015,-3.883699282410919,-4.643856189774725,-4.548986914146175,-3.926897983457316,-1.255356395074672,-2.376830420006652,-2.2267208293388605,-1.6299142639049167,-0.33542137734700617,-1.6097828989129457,-1.1658014999342907,-3.9379786361570392,-3.241717466414399,-1.0323520863057323,-4.638928250149076,-4.638935589523942,-3.041203498395041,-4.642212373811745,-4.622517849264113,-4.6011963986513065,-4.638898842741789,-4.625702794903022,-4.642187977404361,-4.612204489036024,-4.638728216620386
I,-4.6075569302892,-0.8622372225240896,-4.5597617266544885,-4.5681798449510955,-4.448790475081751,-4.642192718830107,-4.6372300370153585,-4.6422072729064405,-4.6323188993495545,-4.62909998049737,-3.157811812604621,-3.0261121091543965,-4.632392762090673,-4.603193311594112,-4.642218940345445,-4.638943632051437,-4.542513717123331,-4.481545706717971,-4.369247986384268,2.1109767897138942,-4.416119239255296,-4.64222241677399,-2.9872674210897308,-2.9034627298586755,-4.608135412929522,-4.630813161606991,-2.3954151917764364,-1.1031856482544233,2.543004235884049,-2.4775716251592628,-3.3079187782755333,-4.23296137447218,-2.9194009417591604,4.457704657609483,-3.1805731270977735,-4.643856189774725,3.039142989307203,-4.514590849675878,-4.642224218688834,-4.244899343786285,-4.527151654026662,-4.509951924561592,-4.638964536208025,-4.587308515055073,-4.539723710342059,-4.643856189774725,-4.640595087830849,4.629399615111195,-4.627571712129106,0.03289889036738204,8.369305084029946,2.79814562010129,-3.6537302764987762,-0.3758625692352452,-3.5110615031381385,-3.4403732392462443,-0.7158949705225484,1.2149375569244996,-2.0157413208224804,-4.308225289585182,-4.143143039132578,-4.596885305724833,-3.937711239090084,-3.9260134871301617,-3.335647559094786,-4.603299393755585,-4.6422248276677305,-1.2609846471305066,-1.9027869272742395,7.663266601789654,-3.935642547475125,-1.3971767411046851,-4.632444898744175,-3.3964159153014344,-4.563371729399164,0.8485127241720696,-4.367039459922405,-2.2474686910002504,-3.6896493775851713,-4.553892803018879,-2.1738016260424047,-4.37897277564385,0.26077357157641223,-3.7703112617052685,-4.494415424107594,-4.553914838396299,-4.311242033902603,-3.838677920556592,-4.634080940740728,-4.643856189774725,-4.553894305773988,-4.621107549552207,0.8678159408817365,-4.634082430780465,-4.616249874310648,-4.642225380890653,-4.335620917044403,-3.5251981353093598,-2.874206469062078,-2.4436784235385876,0.8262512086155952,-2.1135161524117105,-2.709712340516876,-3.3260399633731352,-2.5155424260537256,-0.6059402097028413,-4.301833191457033,1.1999595234315723,-4.577225427237384,-4.643856189774725,-4.629103417550155,-4.643856189774725,-3.1714938432666067,-4.484686197398073,-3.687037801062558,-1.487094890804429,-3.775707748299978,-4.640508034021794,-4.6404365285900155
K,-4.282975698400871,-4.545575565728808,-0.6423925330476298,-4.642189769430409,-0.2358788083995732,-4.605836911118132,-4.643856189774725,-4.638912263404916,-4.6372578046408615,-4.479328229864053,-4.598287886635666,5.076454011588444,6.983640337525254,-4.638946279205204,-3.8799778114032053,-3.805005872472048,-4.640583658992056,-4.587126494182364,5.982121793702978,-4.640584122878241,-4.624311594910654,-4.643856189774725,5.68342255340543,-4.643856189774725,-4.637328524343098,-3.1032278646493867,-4.622677724108522,-3.949471434868489,-4.642222148456969,-0.9903096883266465,-1.059925055890369,-4.0622273041399986,-4.318134856789091,-4.630813677481353,-4.3052349358037745,-4.643856189774725,-4.643856189774725,1.9956617348192969,-3.2366673979148834,-3.1836029957336613,-4.6178701415862315,-4.4074308210952164,7.468837017947684,-2.7803852542025114,-4.643856189774725,-2.4801761567199443,-4.643856189774725,-4.63733258292217,-4.643856189774725,-3.822386185869815,-4.613155180466737,-1.4001163413911277,-3.0577924590641934,1.192642207944844,-3.279474947720991,-0.04894506312337282,-0.9979419424385062,2.328648940789087,2.0761126781390415,-4.516109509365989,-3.9687662751309927,-4.068404964092562,5.015761451252561,-4.634072875611757,7.574860271476814,-4.266160596079542,1.9729814450329153,-4.627355661114853,-3.9385894814838176,-4.632454110721447,-4.549168449110347,0.611731222637328,-3.232992538559942,3.0877414107854464,-4.632452308148826,6.959305524247206,-2.716414141191624,-4.4224850496328765,-4.638964591493467,-4.63570872517272,-4.6389650890062155,2.4348439378286657,-4.642224818444169,-2.720498332735526,-3.9470831677186875,-4.643856189774725,3.3038781407905704,-4.587286024411921,-4.576114859374503,-4.622727708091929,-4.621101398644466,-4.643856189774725,-4.124104004195287,-4.643856189774725,-4.6389652548213105,-4.643856189774725,-4.188142051286433,2.0984466676390543,-2.8269706255330904,-1.2260298658895525,-2.9951691307505057,-2.468253777906357,-1.6608142903511756,-3.670349084137205,-3.4577319201032224,-4.48073526055507,-4.242168417238484,-4.316190806987423,-4.638928250149076,-4.640574857412491,-0.8561858102138696,-4.625825516490084,-4.6094645688480105,-4.430450857619708,-4.643856189774725,-4.5978702871147945,-4.637189119443694,-4.617179100626062,-4.637020915468358
L,-4.295281529886686,-1.5382762442987898,-4.106515493381018,8.616388509667473,1.7794647265807206,-4.600914604034708,-4.605961958140232,-4.6422072729064405,-4.5624414812672605,-4.627465050328642,7.319153438011227,-1.6458550045275155,-4.520195812308486,-4.32327171444657,-4.542482064754552,-4.619376615762994,-4.266845729840762,7.363398624569831,-4.609683742553234,7.400713216948368,-4.614588719851847,-4.637326640924313,-4.415901983003286,-4.323818531145404,-4.555369965608957,-4.608128778329911,-3.1139940426863335,-4.032954099925026,2.091425024100717,-4.2342806012138725,-3.9356224832418443,-3.1631945016703993,-3.0735776165549784,-0.7408618839960884,-3.947812445839734,-4.621104730798993,-2.982954585156716,-4.6210960138709805,-3.3658148594250146,-4.365420326020663,-4.211354406860702,-4.6017417082483245,-4.485110818157956,-4.635709783310312,8.594742575695108,-4.611409303403437,-3.2453496393188113,1.096102824995899,-4.593670567563061,-1.076672211213686,-2.0345553217676944,-1.6209854078528507,-0.07236508991603914,-2.9330902537225274,-2.623104268085816,-4.304749583438001,-3.5322862371058865,-4.083853476187651,-3.1116843659666356,-3.766511707695129,-3.764343661424061,-3.942762119953711,-4.544360082033105,3.478296688023157,-4.398098678459565,-4.627565000219359,-4.5255597276891075,0.7213699466713356,-4.372517574500225,2.359934089933404,-4.063523225077922,-0.27800359438723254,-4.503581602372174,-4.230869552950012,-2.126425903807554,-4.0194158361147085,-4.63733479456611,-3.8118318429779605,5.619210419561264,-4.325887926313603,7.616822885190044,-4.204232755895128,6.253783227026293,-3.833711026273285,-4.617866630602534,8.22637544542988,-4.608170555270864,-4.245080619060985,-4.584096403134672,-4.637338624531994,-4.604957146497256,-4.643856189774725,-0.29448481274425437,-4.616249408193224,-4.531840334632189,-4.643856189774725,-4.371095472396015,-3.708211719484545,-0.986038013373615,-0.08978748322514535,2.342467481890702,-0.6723643381835092,0.4712777123976428,-1.7507083910007004,-1.2637345962597721,2.6243472452534764,-3.6502917467493075,0.6910221265167349,-4.5644018064217775,-4.640574857412491,-3.9439333234191,-4.638927548682638,-3.92306869963406,7.262146661811931,0.28226441344937664,-4.591360294885655,-4.628876886775246,-4.577620301683829,-4.262959831521636
M,-4.59726904004059,-3.0282968163183437,-4.0954258229179805,-4.177007560088341,-4.245669019766151,-4.643856189774725,-4.643856189774725,-4.6422072729064405,-4.643856189774725,-4.598193621574166,-3.0699741224325576,-3.2783075075266925,-4.227440695011742,-4.642218624417616,-4.638947225914516,-4.131628372820975,-4.640583658992056,-1.7650173548308572,-4.373716426062222,-1.2871139275890868,-4.630811761170846,-4.643856189774725,-4.506493842346232,-4.621055417993786,-4.643856189774725,-4.630813161606991,-4.5984326433692635,-4.2873661880981855,-4.101569724412217,-4.110636240194587,-4.107603064300828,-2.5929524320219812,-4.420658316525044,7.104438399413947,-4.32417690117993,-4.643856189774725,-3.2561185246446023,-4.519276598995276,-4.643856189774725,-1.3118791089838475,-4.643856189774725,-4.640594700782603,-4.3200217477871385,-4.638965586417773,-4.3880091782436015,-4.614637621920712,-4.617869995314184,4.725642638185236,-4.642223600017766,-2.4912256248658595,-2.2076282168995047,-3.826352826203944,-4.42252799532255,-0.9193050337477622,-4.54879937377784,-4.477032443426423,-4.147648662089565,-4.250599501402173,-4.201562942469661,-4.625952045490469,-4.563379362226234,-4.625949520192836,-4.206821052287855,-3.8855441648933122,-2.9722343288809627,-4.643856189774725,-4.592104728167994,-4.345427033148587,-4.541485172074775,2.6688213632292292,-4.640595032543866,-4.249241308629085,-4.640591213209611,-3.588034941050675,-4.614622491284509,-3.87202356942555,-4.614625288343128,-3.11447082716075,-4.1336331924450125,-4.637336378655367,5.138637428742068,-4.4697100834768175,6.622685316695238,-4.577695714833472,-4.637336820589447,-1.7603112863907364,-4.582491802307723,-4.49281658255249,-4.600126033047081,-4.643856189774725,-3.679191237199917,-4.643856189774725,0.8369693681206251,-4.643856189774725,-4.642224956786649,-4.643856189774725,-4.372583085960439,-4.358818151971075,-3.3877219570685275,-2.949658996868852,-1.864986126547741,-3.7004368829543246,-3.0852294829579296,-3.460521853128866,-3.748033360121607,3.0554262658367923,-4.628625088326456,-2.917665929930168,-4.612787111966707,-4.638935589523942,-4.634012631974357,-4.643856189774725,-4.620882956150148,2.2940282759107573,-4.615876510139527,-4.61420981818941,-4.637189119443694,-4.642181626255677,-4.642145852574875
N,-4.556480417680985,-4.638777259942858,-4.066516615571923,-4.643856189774725,-4.628884400209724,-4.628919363476705,-4.642198224480315,-4.643856189774725,-4.607750391007289,-4.336948549416703,-4.548662756330433,-4.540777177613626,-3.8774182512958584,-4.640581987912149,-4.642218940345445,-4.308480247066317,-4.547259685760268,-4.635683339746947,-4.275533533369002,-4.643856189774725,-4.533240940234531,-4.635696559878422,-4.118831795104279,-4.629177883023215,-4.5207215596351995,-4.26465322973816,-4.22880779413409,-0.017283828662889803,-4.541099564916939,1.6309329707311828,3.8539179624007236,0.5637118152104655,-1.0413352301188328,-4.5664710460776385,4.523637805473353,-4.643856189774725,-4.624339247006914,-4.471220273887793,-4.635705549110004,-4.195548479699755,-4.304113140370287,-4.632457070853968,-2.557114033776099,-3.9806362246650395,-4.643856189774725,-4.600138548539558,-4.640595087830849,-4.63733258292217,-4.642223600017766,-0.8593097895496044,-4.383338976879495,3.7143644695803926,-0.46695405930515804,1.649209876990426,2.554690416366491,1.668471700243925,2.8759734567810855,0.34150382621288844,4.356898509123917,-3.6162972746404702,4.683267666407871,-3.1223051346567487,-0.29572002045441664,-4.643856189774725,-3.391209718870951,-2.305222662054776,-4.62272008857923,-4.643856189774725,-3.9593909851737275,-4.627581264755341,-2.807091921557209,-4.622544642303995,-3.330795159631174,5.434350754877376,-3.7751220392804457,-2.9777754181895597,6.916274308978668,-3.9857471762196086,-4.613015205584114,-3.961174359563696,-4.637336562801848,-3.3945904356147083,-4.6357085411207315,6.44504378579413,1.3339390606545947,-4.640595253680548,-4.35225646780348,-2.683918855237131,-3.9431317834546915,-4.497555272460628,-4.627584477061463,-4.642225325585246,-4.604955835401144,-4.640594590180514,-4.603349498135451,-4.640595493211445,-3.761984096137163,-3.5083052959271086,-0.8638836142195399,2.292368011499469,-0.6672301227081555,-0.5151337522255707,1.2953400001852415,0.43897621165459627,-2.275081748333288,-3.706194040160295,-1.2232347347478174,-2.3770007942024303,-4.642212607900215,-4.637297252418892,-4.331112170363847,-4.638927548682638,-4.519708587383912,-4.620807190601692,-4.643856189774725,-4.578384208788642,-4.642187977404361,-4.613861740129375,-4.533093870952334
P,-4.5666236446270565,-4.506535512057971,-4.517815143842851,-4.564934168219478,-4.6189461926288695,-4.627264479124649,-2.2723202964340183,-4.640559297808225,3.830738247394188,-4.524710712814285,-4.54549025454653,-4.640578603396694,-4.424338674276993,8.629940381327081,-4.38405137420412,-4.575830034659644,-1.7008046219557758,-4.579112540585814,-4.572715371858076,-4.609683164374635,-4.03736439117985,-4.643856189774725,-4.596801837208429,-4.313592753387205,-4.2618558581095485,-4.621069437353125,-4.601653574222279,-2.7489249055503158,-4.598449237830035,-3.5466806550683776,-3.8520815730274016,-4.267206342737848,-2.788468791925178,-4.634068782722428,-4.634073925936518,-4.643856189774725,-4.634081216708289,-4.625958103299729,-4.62271222519869,2.339178929643887,8.528174500476924,-4.635709369289206,-4.56180531366992,-4.16396434121867,-1.7652225807763526,-4.643856189774725,-4.635710335272998,-4.629198760989131,-4.62919603034996,-4.612405681022252,-4.642141981194357,-4.537071624191441,5.899085050613564,-4.038147717382802,-4.46138358570781,-4.4662464443063765,-4.096829124477912,0.07977946312158388,-4.319078246028074,-4.466553492832568,-0.39363104559294565,3.579944955309431,-0.1466007620708631,-4.592057694167315,-4.595249992164484,-4.5872349581602805,-4.608177575443074,-4.617500447943805,-4.610962274757748,-4.635707252523934,-4.549168449110347,-3.356559143839746,-4.625944366376126,-4.204115106218199,-2.792602315708629,-4.523931430938672,-4.572918901712818,-4.621100885918674,-4.54598803175831,-4.630831266457003,-4.603348133294575,-4.640594239891073,-4.622719969480739,-4.383379117592322,-4.542848806758469,-2.1294604406198037,-4.637334978802083,0.39194405229692914,-4.635707850851705,-4.643856189774725,-4.625962341327708,-4.630835013613068,-4.625961736018023,-4.643856189774725,-4.635709231272818,-4.642225380890653,-4.616199598453454,-4.0326700501801405,-1.1231131192756294,-0.48893247031966475,-1.17928183760585,0.3686707338387148,-0.37775088713985994,-0.5065550195693374,1.7572145140210456,-3.387864257995088,-2.7086067856855216,-0.37840924745805554,-4.637287472144737,-4.635659845040937,-1.0162043350214793,-4.638927548682638,-4.511828792216995,-3.0463884429621833,-4.640550345583907,-4.55260580218617,-4.63386135231942,-4.455813200658419,-4.068743204394112
Q,6.739431677284303,-2.539710292970574,8.391139028769471,-4.615657107393949,4.234775142196967,6.1249093415780145,-4.622376595950222,-4.638912263404916,-4.6372578046408615,-3.832473838534782,-4.569369481169581,-3.6822372330912225,5.776758335445619,-4.627522208528025,-4.63404659957634,1.2875556951148108,-4.637314835620153,-4.444646256222629,-4.303038739469838,-4.643856189774725,-4.643856189774725,-4.637326640924313,-3.311631506179399,-4.643856189774725,-4.577637570279646,-4.210713031749604,-4.54421986810108,-4.548937187496375,-4.642222148456969,-3.999914931864962,-4.080468087297608,-3.961076583034145,-4.166021563108116,-4.6129759443980864,-2.591878750401319,-4.6405949772550095,-4.643856189774725,-3.111335403639929,8.608139443624028,-4.596882668853692,-4.440718838823516,-4.592109658883094,5.103490471415176,-4.342046950388878,-4.603359276804223,-2.9943151295926174,-4.63733766746233,-4.642223904794962,-4.640591933478145,-2.905566686124981,-4.643856189774725,-4.435679403223664,-2.813449484560119,-3.733139125286637,-3.9887429603607427,-4.382873713957488,-3.37117770106394,-3.747766876980342,-3.479748261242011,-4.505196169485271,-4.339001387535972,4.4260543004117645,-3.3229370867743837,-4.629193629857306,4.435816046669465,-4.582433016428591,-1.4170552674690295,-4.643856189774725,-4.544679838065912,-4.619478097568709,-4.637337557013128,-4.431388275345782,-4.316826057148781,-4.1943204056602,-4.638963291955109,-1.9475093230311964,-4.520837482972786,3.059929387218783,-4.572930791176952,-4.611403464326079,-4.632456491818551,7.01338756719094,-4.627583834701689,-4.541234914497702,-4.629208268908881,-4.609798794920288,-1.8042590648317367,-4.574509957790717,-4.267973346038183,-4.622727708091929,-4.643856189774725,-4.642225325585246,-4.584101755040063,-4.6422249291200295,-4.643856189774725,-4.643856189774725,-4.616199598453454,-3.7323817566672033,-1.8020497264571944,-2.066242783698516,-3.1791188667777184,-2.445183590297485,-1.3567828259257373,-1.975907885285823,-3.5410620810135396,-4.210579904568125,-2.7094745800125466,-4.215233051056716,-4.642212607900215,-4.630753190732512,8.080457160288944,-4.640569493802789,-4.604584772972008,-2.7997326538385297,-4.640550345583907,-4.562245735698011,-4.628876886775246,-4.590746398718734,-4.57789303900261
R,-4.219217306137062,-4.605144292208725,-3.2192000689948994,-4.5763100457153305,-2.978602900744196,-4.502606912077471,-4.625670759043669,-4.376261408533264,-4.522579685164743,-1.6296592185200804,-4.488973734463502,-3.1572809561367703,0.16898011865118814,-4.529838742722304,-4.520430107286263,1.8974127080657515,-4.599987147090081,-3.3883118176944875,6.250789201853636,-4.596770592462872,-4.617826039225405,-4.622688958264991,-2.200314873425849,-4.63895511948373,-4.63569891282244,-3.5769350434095166,-4.329673084364473,-3.121380352177958,-4.568039364850641,-0.919250165342001,-0.5797845068479072,-3.6714608825977955,-3.26976343725037,-4.561702698431821,-4.2965342550171535,-4.613022490912694,-4.643856189774725,8.373766291170512,-3.2994939966481276,0.702266378708266,-3.7586738138142004,-3.78753725277171,-1.1952590684932802,-0.1444739470332833,-3.871353371800463,-4.533423191181304,-4.402951886500673,-4.642223904794962,-4.6049267500602316,2.428437560680744,-4.601303565669879,1.3672473995169223,-1.9447714362530284,1.058077268905371,-2.2678076800200673,-2.1470535167537945,-0.6906960340476499,-2.6324605732326307,-0.08323354700409719,-4.611385386364668,-3.5510118269373985,-2.131281117406184,-2.0619010252505,-4.572870510129131,-0.3581474595506974,-3.611186414042184,8.313515859626321,-4.638896115755023,-4.2329135617452485,-4.643856189774725,-4.443757180431438,6.757684818900872,-4.443530654677841,-2.362276706220408,-4.528657573182628,-1.757655813427069,-2.619314745612733,-4.063425116979761,-4.643856189774725,-3.8167321704306425,-4.643856189774725,-2.2183641144251682,-4.637336231330692,1.196387130189511,0.28342759302956066,-4.6065761013120525,7.06409012425818,-4.5491262937071815,-4.622718182842285,-4.642225417758841,-4.528697808182325,-4.630835013613068,-4.0474498085752275,-4.6422249291200295,-4.579315657559078,-4.632459836544811,-4.526926165242223,8.0242271861898,-0.37793814546113763,1.083720891029441,0.1470022161924655,-0.17772666734389775,3.090446144487064,-0.89460847376431,-2.1483281823520377,-4.326344753033045,-3.4004798630373787,-4.05490418343753,-4.473096828819229,-4.61608309312832,1.275053520523165,-4.527832023056478,-4.615983827559128,-3.983386183121942,-4.642202794233573,-4.591360294885655,-4.609024686784826,-4.630486814683092,-4.390162352093784
S,-4.5029773100087045,-4.516246116451485,-2.538308913468372,-2.835962942237471,-4.186708087889101,-4.600914604034708,8.576859811351945,-4.62085666517029,-1.8517560791926544,-3.4911544960479026,-4.211988747252192,-4.5471128485132075,-4.394084179825038,-3.235866390630115,2.8706461137909476,2.004593495504985,8.145117852635893,-4.63731605883771,2.9725088209090464,-4.637315762342132,8.121156791850288,-4.606511486759364,-0.7664517362655137,-2.580526623717408,8.56700406382257,-4.203690119702423,-3.115919144141682,4.506449933196737,-3.6176370908014084,6.770120713866695,5.754410339390803,0.23280072716936712,0.8493318356839479,-4.5744358453807505,4.792590965732241,-4.638965752199144,-4.630830237448624,-4.587288876328662,-4.635705549110004,0.795482498478928,-2.4510695537751817,-3.3143721797909502,-4.51616887745091,-1.5050550249454546,-4.643856189774725,-4.640595032543866,-4.252369018246081,-4.627574744465266,3.2671044469840527,1.3593562857101817,-3.820098263073559,4.416065893848348,3.201034571096358,3.216780169198001,5.2238245272846315,3.2853229851316788,3.9026900641880986,-0.6052666378257969,0.8038424853480453,-2.973182184760975,1.7911773308823051,-0.008490709056404927,6.5849423143673125,-4.505145591134793,-4.257528674688996,3.18513730238099,-4.579310604193633,-4.106411158506814,0.4975605158320603,-4.520844976375385,7.344428062392892,-2.2561308135024243,-2.1219228733054853,-2.9253583890405026,8.134080391318086,2.503276454246719,5.820663006969199,2.166910268610396,-4.145966280530445,2.7357618866249327,-4.625962543088503,-3.6990529568158927,-4.6357085411207315,5.728795244455614,8.222778475513072,-4.619488528760743,-3.607464058615769,5.6450262492254035,-1.076676326245008,-4.622727708091929,1.893741795113921,-4.279592755708077,-4.494403069469503,-4.643856189774725,-4.299719829547923,-4.528732272958997,-2.0043613514761853,-1.1584849759479028,2.4192881545371954,1.7423651009031476,0.9639794525668994,2.4920584835659323,2.6789366697642554,2.9962773354614836,-0.0906318582409685,-2.4855537944777515,-0.8469988347818246,-0.43925796757697727,-4.54527260678551,-3.9835227968112537,-4.088018000309253,-4.384557367943606,-3.175452696705155,0.48835655698481756,-4.625720739615704,-3.5200450114727904,-4.5438201453627505,8.6535145903297,8.534764071937113
T,-4.623057872330155,-4.616871288995093,-0.9528397147482627,-4.632211407742773,-4.261694958919244,-4.638868651227723,-3.4452285935606857,-4.6422072729064405,-2.957714682193216,-2.8777394059983927,-4.56777136975693,-4.014360307332514,-1.3350412158061251,-3.9692061378601133,-1.7683260685259221,-0.9244799323368172,3.241971341446674,-4.634051544019761,0.42292070752019556,-4.588729481214603,3.6159170650403705,-4.643856189774725,2.812241816697262,-1.3011800174217538,-2.0608578399616424,-4.536399566433838,-4.315046078758445,7.374289549092467,-4.219058009769285,5.083438137286359,1.474743975385948,-1.1977646391843937,0.23693546637715288,-4.257512293578138,-0.2230225505875813,-4.642225122766656,-4.592101537204522,-4.609782899031669,-4.642224218688834,-0.5261282546894186,-2.7634309138023987,-4.289605560061527,-4.416428887562317,-4.282416109099849,-4.582523383265585,-4.627587137726057,-4.643856189774725,-4.59047244318823,-2.2827371549977427,-0.0252752620118435,-2.582542375937715,-1.2358830655232698,1.452641130293839,-1.0237385867822701,1.049694656550597,-1.6499403351764075,2.6294614413924657,7.195166172775919,0.7231860565690331,-4.308225289585182,-2.383994019778083,0.5674246162675673,-1.9352706873140555,-4.553810074094656,-1.793753517087666,-3.2357847595371085,-4.46357925233552,-3.9331560432948716,8.28508211761172,-4.273684051432939,5.706432372926624,-0.24235031882280486,-4.6000877058414025,5.517926407845086,-1.839019227892838,3.9066728317105435,0.1382437579126638,7.7456821352709495,-3.631616970484633,-2.8732153055225544,-4.61624894206006,-1.8862003386273645,-4.558639918535795,1.4807957054362546,-3.3174495799293453,-4.616255000563653,4.483417935033247,2.623791663593587,-4.334638931915362,-4.6389666361766695,8.386267572327393,-4.465165563108773,1.7588367897052628,-4.621102039519214,-4.587304715075571,-4.6373384773088,2.1761279795387045,-0.5199642567071293,0.0470378992103137,0.17816721738059446,0.7941010230080697,0.38531158093113804,1.6287191014428317,-0.4817234814888218,-0.9189952220283923,-3.3723926641572874,-2.603810465557194,-2.8188744410146094,-4.642212607900215,-4.642215057142748,-3.383205556551252,-4.6340073120300715,8.552511419955888,4.2489989714619,-4.6175148844556215,8.58158584237346,-4.590946051347315,-4.228068093565141,-4.098329549623722
V,-4.556480417680985,8.41412262872844,-4.508221153019472,-3.094891733848384,7.346014677700391,-4.532869732028973,-4.638885149192638,-4.477225257496185,-2.27838465670184,-2.9784078200194464,5.750473798930829,7.471585757507158,-4.607980569051882,-4.585481598111332,-4.624270246516262,-4.184253873772623,-4.598375107223704,5.64125367004789,-4.593552307096277,4.675271356419276,-3.7875809910314016,-4.637326640924313,-1.1128790768606522,3.390661495017222,-4.592043741743816,-4.5585248391014215,-3.3746371352547677,-4.002673728817197,-0.7729249428514336,-4.282950364566076,-3.6335060813702373,-3.144652681326607,-1.550794977513462,0.9225899244090937,-4.091173206279113,-4.643856189774725,8.180343191879736,-4.638963872685232,-4.635705549110004,-2.9356513893087652,-4.635710381266512,-3.8315269938529846,-4.642224716978102,-4.502181079307707,-4.530298275537887,-3.8205394327331477,-4.571358375893411,6.402167183142228,-4.1387857146718945,2.1330528984413415,-0.5308520358396771,-2.8806751138155757,-3.4961868759553854,-2.457374922621326,-3.455193780762187,-3.1533482155474957,-1.6507297842772817,-1.944217540633343,-2.4812677582629337,-4.472701649005416,-1.6642951152188925,-3.5595522401786206,-4.279290683019261,6.0337899417005385,-4.54271222311279,-3.7040416544829564,-4.640594387390535,5.47806534048313,-1.9027869272742395,-1.1436653702527808,-4.5809190936250825,2.6825219610099675,-4.123640927475852,-4.191528015894374,-3.916225052867845,-1.9947084044901187,-4.632453402635883,-4.157003861472967,3.9139599749914615,-1.7985539534220865,-3.981872843489976,-4.371538575032805,-1.9318085096869586,-4.3257925471157765,-4.611405654226353,2.553216178257143,-4.572920883566995,-1.7396087678602727,-1.8344998326338886,-4.634085354352666,-4.635708863206256,-4.427083905485662,7.867801348707337,-4.6308318543888,-4.634082596312396,-4.640595493211445,1.705987991675655,-3.8997635471955228,-0.8542152337911868,-1.1564756688156925,1.1440705637608115,-0.7427328507863914,-1.0508986055471614,-1.4718750571177364,-0.8651787343537507,-2.2371916297115653,-2.860013483097488,4.4053790929221766,-4.627462349578088,-4.614457676881942,-4.632375298928986,-4.583650186038078,-2.0599749715991056,-3.519245405008802,8.525123711758836,-3.9864236894869505,8.655083489862724,-4.607238439260569,-4.521591927751943
W,-4.626513864313255,-4.638777259942858,-4.640511778989659,-4.640524310950482,-4.632204757402113,-4.640530206349061,-2.638736150212557,-4.622493422366879,-4.643856189774725,-4.638929063600037,-4.550250316250415,-4.630768123780706,-4.614470318545897,-4.638946279205204,-4.540901323548012,-4.6145055247407,-4.642219460431514,-4.640584271294046,-4.6161616539486054,-4.643856189774725,-4.643856189774725,-4.630811834885509,-4.577553320456637,-4.643856189774725,-4.6405905111036985,-4.635697390484234,-4.612955231271118,-4.629173650481958,-4.617821929068613,-4.5967994555954546,-4.170999276381399,-4.329597154660905,3.5426854846686013,2.111769015990146,-4.422310168685658,8.670078026206383,-4.20983646371623,-4.634079836714646,-4.638963043028565,-4.630821410702785,-4.643856189774725,-4.622722113048252,-4.627582825176711,-4.563408981838108,-4.640595437938208,-4.642225150426707,8.593588829004489,-4.642223904794962,-4.642223600017766,3.0371996756351463,-4.609764034550949,1.4350213683064894,-1.5634629248011462,-1.1088891608135736,-4.259501873168394,-3.564810718211036,-3.7088700081993653,-4.632403422325758,-3.3399409099222197,-4.5585947797551984,-4.643856189774725,-4.471139665070451,-0.5426017915456773,-4.616222502103426,-4.374189606378051,-4.640590585023803,-4.256567742385631,-4.642201884196244,-4.643856189774725,-4.64222456014208,-4.635710197289338,-4.534082589190696,-4.643856189774725,-4.63245217937183,-4.5936919585972165,-4.606546549045888,-4.640593649759807,-4.6130172874578435,-4.643856189774725,-4.5302642698318225,-4.640594534876657,-4.637335973496489,-1.348531895812681,-4.638963402581,-4.598526942492434,-4.643856189774725,-4.643856189774725,-4.6422244125041585,-4.642224680078222,-4.643856189774725,-4.638965033732019,-4.643856189774725,-4.638964867901933,-4.643856189774725,-4.58890518442158,-4.624347054723257,-4.625930507109632,-4.4930759826451565,-1.7846747302048869,-0.9412243910657729,0.19277345508679067,-0.4645715493058559,-2.2392924569362584,0.6980662540644671,1.5406761605913462,-2.3742562019730578,-4.501499923534796,-4.2108593694748535,8.664971368391182,-4.643856189774725,-4.612799432473424,-4.611156496172739,-4.643856189774725,-4.630662796500886,-4.643856189774725,-4.643856189774725,-4.642187977404361,-4.643856189774725,-4.62509801014097
Y,-4.631705626142783,-4.638777259942858,-4.120437788579157,-4.643856189774725,-4.642188816089622,-4.643856189774725,-4.588013061306958,-4.643856189774725,-4.643856189774725,-4.642212879359328,-4.6405773370562295,-4.643856189774725,-4.6373000839979275,-4.642218624417616,-4.640582619409546,-4.640580222141981,-4.575900607737784,-4.643856189774725,-4.632420346875554,-4.642219692506129,-4.59524071041975,-4.606511486759364,-4.632427788187437,-4.621055417993786,-2.638225203143403,-4.609743190342114,5.285688716730577,-4.409905220581946,-4.209199677955308,-3.798989286476743,-2.80219089222601,7.655522869243542,4.0396999861533915,-4.3905948051692105,-1.886727418959815,-4.627586862525244,-4.132263446254435,-4.635706930311045,-4.616237439123634,-4.5617508312661945,-4.642225187305316,-4.642224984452329,-4.593704615747898,-4.643856189774725,-4.640595437938208,-4.611409303403437,-2.1886766357328575,-4.642223904794962,-4.642223600017766,2.3146027238591156,-3.5274201382851325,3.3254060915064354,1.5658215142687695,3.4794617308904052,-1.7917224855818783,-3.176861841683477,2.9949641422820874,-3.997401144223559,5.102248525912426,8.517726542152184,-4.455883307217136,-4.451213811475796,-0.2856074676032423,-0.2729700369323633,-4.609746070893507,-4.609750294822335,-4.643856189774725,-4.562281269982547,-4.495555649164665,-4.638964066231307,-4.443757180431438,-4.638924150760808,-4.5443213271725496,-4.499008035496943,-3.78722708206724,-4.6324499253035,-4.410366692698759,-4.606566674825449,-3.9935122748766125,7.850769360695473,-4.642224901452472,-4.577712361645903,-4.642224818444169,-4.451285499700049,-4.560232155281109,-4.643856189774725,-4.64222450478099,-3.500028655487207,-4.635707850851705,-4.62921231636286,-4.637336489144504,-4.643856189774725,-4.547571310649754,8.651747979705542,8.288758703693437,-4.634085133766728,-3.5052190717560414,-4.141068942034821,-0.5175157124026283,1.282356874370675,4.661357820470856,1.657388253502254,2.8558215326649727,2.2419994148064855,6.304000530524475,2.4553630382637257,-3.9132423855586707,6.519553542620475,-4.5644018064217775,-4.634023366335468,-4.607926147573765,-4.643856189774725,-4.614352631458417,-4.630662796500886,-4.629009627180808,-4.635590485480607,-4.635524756135617,-4.549924045741779,-4.630201795157906
