,Pos_1,Pos_2,Pos_3,Pos_4,Pos_5,Pos_6,Pos_7,Pos_8,Pos_9,Pos_10,Pos_11,Pos_12,Pos_13,Pos_14,Pos_15,Pos_16,Pos_17,Pos_18,Pos_19,Pos_20,Pos_21,Pos_22,Pos_23,Pos_24,Pos_25,Pos_26,Pos_27,Pos_28,Pos_29,Pos_30,Pos_31,Pos_32,Pos_33,Pos_34,Pos_35,Pos_36,Pos_37,Pos_38,Pos_39,Pos_40,Pos_41,Pos_42,Pos_43,Pos_44,Pos_45,Pos_46,Pos_47,Pos_48,Pos_49,Pos_50,Pos_51,Pos_52,Pos_53,Pos_54,Pos_55,Pos_56,Pos_57,Pos_58,Pos_59,Pos_60,Pos_61,Pos_62,Pos_63,Pos_64,Pos_65,Pos_66,Pos_67,Pos_68,Pos_69,Pos_70,Pos_71,Pos_72,Pos_73,Pos_74,Pos_75,Pos_76,Pos_77,Pos_78,Pos_79,Pos_80,Pos_81,Pos_82,Pos_83,Pos_84,Pos_85,Pos_86,Pos_87,Pos_88,Pos_89,Pos_90,Pos_91,Pos_92,Pos_93,Pos_94,Pos_95,Pos_96,Pos_97,Pos_98,Pos_99,Pos_100,Pos_101,Pos_102,Pos_103,Pos_104,Pos_105,Pos_106,Pos_107,Pos_108,Pos_109,Pos_110,Pos_111,Pos_112
A,-1.3954086260544376,0.2086335622191019,0.026375374685104643,-4.559670793547383,-4.295707968190992,-4.605710159020676,-2.908147081288511,-2.2418990603032007,4.9328166503540505,0.24652100145005126,-0.30569623859877926,1.6141873401569324,5.687667562373821,2.6035829016939864,-2.120853526756099,-4.588680492420262,-3.477211905094924,-4.250726873903499,5.859401403520857,-3.609458652646301,-4.624305414824116,-3.6695905622684784,-4.643856189774725,-3.7412972321625846,7.073383930494602,-4.092466706621997,-4.233522544331451,-2.9765673747842167,0.594675431657086,-2.357256354325876,-1.5294333741446582,0.9982305393315978,-3.9743551385880163,-1.2126880939751528,-3.660246870219516,-3.234736642491827,0.6925905217189945,1.4805959621010383,5.837615101852269,-4.640595382663096,-4.6405949219642775,-4.638965586417773,-4.616255000563653,-4.228212393917415,-2.9779187571696237,-4.29220685038784,-3.06474862365541,7.280379572362824,-4.56977485324628,-4.469712950797367,-2.896995802967215,-4.58730629846243,-4.606574216396027,-4.574454485388588,2.843515332365995,6.724652907596489,-3.8270267499020423,-3.7445726819629606,-3.1115755425912153,5.326045829692748,-2.601685600956449,-4.364002801701896,-3.792944317085353,-4.302694189588678,3.318740434342192,-4.619488803145248,-4.643856189774725,-4.315696383830306,-2.7163328556959154,-4.451373982085407,-3.4720827989563343,-3.5016284356462006,-3.095725314990406,-2.5376063876100674,-2.7467001627144407,4.611250510350754,0.4238573513034046,-4.642225344020798,0.49991163433165753,-4.627589889222221,-4.188962120870641,-4.352300388981845,1.352002485929047,-4.420964447970482,5.594532850614114,-2.4708727341435717,-4.533436667360945,1.7508252403890179,8.273384314872306,-3.637406413153187,-4.643856189774725,-4.634081051129622,-4.640595216826517,1.529416197117775,-2.2468289263424452,0.2579179682525937,-0.9431773049400342,-2.5746532160066926,-1.4772570795408788,-0.7799210882476847,-1.846957096511416,-1.1502391564361092,-4.63566673097543,-4.252098306420595,0.49154532476038887,-4.416226145985724,-4.43682557446168,-4.575235657102216,-4.581561946039824,-4.255067354344995,-4.475752783206224,-4.6120751288007895
C,-4.620056003398166,-4.628511054785327,-4.637108275212873,-4.640508111722816,-4.643856189774725,-4.643856189774725,-4.610450330409596,-4.643856189774725,-4.641803218026126,-4.620863603457653,-4.638923391907374,-4.5901420750999264,-4.642214786402715,-4.601511120669992,-4.638933070830922,-4.640581188904672,-4.643856189774725,-4.643856189774725,-4.642220814817789,-4.640588384468587,-4.635693928510605,-4.627556257252575,8.667418839301426,-4.63070219246894,-4.459141411037698,-4.637259426348974,-4.605914718324789,-4.636806484448773,-4.590501972390757,-4.361362354714245,-4.413654297856869,-4.583645791688947,-4.60087070804275,-4.627474356440767,-4.540848978929205,-4.620332259639265,-4.360543185275793,-4.6060874750236875,-3.602426906515257,-4.621107549552207,-4.413465324234584,-4.643856189774725,-4.619488528760743,-4.632457199520517,-4.635711071106906,-4.634074312841425,-4.608171959526309,-4.474274286524906,-4.642225334803074,-4.643856189774725,-4.606562064585665,-4.614634991630925,-4.565001418339591,-4.3668183022436855,-4.5160925369130815,-4.640592431939459,-4.596868688492353,-4.627568035055461,-4.637330996987686,-4.564263584815544,-4.52071473381023,-4.643856189774725,-4.6422235168769586,-4.6308351605164315,-4.642224726202811,-4.638966221851998,-4.638966580937437,-4.619484137768126,-4.5350059364176705,-4.58891041667205,-4.643856189774725,-4.588915955616,-4.642225390107856,-4.643856189774725,-4.642224458643879,-4.613014685071761,-4.609790753071743,-4.642225344020798,-4.643856189774725,-4.643856189774725,-4.634083754878934,-4.508376707961507,-4.642223359810106,-4.643856189774725,-1.4225807312819567,-4.643856189774725,-4.640595437938208,-4.516134959590662,-4.629209508163007,-4.6405943505169205,-4.624347274568467,-4.480479012496317,8.670159040549056,-3.8059104950372245,-4.209880047889711,-4.289519444274455,-4.472427233609566,-4.632287576484726,-4.2273542115129885,-4.318475655328775,-3.9715032922516493,-4.615858783211984,-4.521817219187754,-4.637281747261702,-3.3111029990054295,-4.6372845174048845,-4.643856189774725,-4.637250137890142,-4.637235206633909,-4.643856189774725,-4.617348055865885,-4.643856189774725
D,6.765458499253342,-4.52824418783604,-4.190011084690438,-4.643856189774725,-4.623834088777683,-4.640519050878997,0.07385786229281449,-4.6355614009284745,1.3690046546169323,-4.302156360601527,-4.622541372554733,-4.593369166002718,-4.620961080392462,-4.529658852548212,-4.62911196132435,-4.606416256224965,5.303147206220839,-4.6324073823561855,-4.6242926007751795,-4.6243046420384815,-4.643856189774725,-4.61782031400901,-4.643856189774725,-4.604572742827406,-4.601414335572893,0.9532324922367339,-3.6542601670025685,2.3825888621478177,0.6196079939490962,-3.551730606377748,2.3144138311803086,1.898451292877041,2.705218529879292,-2.3477250269491727,1.4112154640815218,-0.7622361811862508,-2.085656484252061,-4.63066309812726,-1.331691525857961,-4.643856189774725,-4.638965669309863,-4.643856189774725,-4.593721201004806,-4.629208599397153,-4.576141356678556,-0.7143279925942101,-4.590493984355139,-4.51926004392277,-4.643856189774725,-4.536541550597265,-4.642224643176671,-4.643856189774725,-4.64222517808582,-4.472615095759585,2.696732919267112,0.43154936183547143,-1.6767667603590994,-1.1140014496480486,-4.625947297341577,-1.2096782765805092,-1.0375612935344374,-3.1014037771890997,-4.585654302185021,-4.640595419513379,6.250278980017908,-4.629211077583912,-4.643856189774725,-4.638965282456065,-4.377575033417832,-4.572947033667023,-4.530287572234254,-4.0515822471799625,-3.609076079765196,-3.1155119531045266,7.00723112205566,-4.62920595507334,-4.642224873783976,-4.640595419513379,-3.990990861623757,-4.614642552437982,-3.6089482463632656,-2.0197775698597935,-4.640591453334438,-3.98312360432021,-4.2907746769464215,1.1167811572003203,8.667814334713057,-4.0632407026373665,-4.582514118311676,4.568178404592654,-4.634085244060943,-4.617862386897873,-4.629210747207463,-3.600180037592472,0.3969758925690889,2.127718410317712,1.2840797637410786,-0.20220876207139987,0.08568637311161421,-1.337088059183819,-3.891214954131446,-4.4876351629502205,-4.640577616480151,-4.428324382492808,-4.419289953559854,-4.542051673789065,-4.58663986537533,-4.560741196589075,-4.643856189774725,0.006810332381872422,-4.632228904123765,-4.045951078775156
E,4.086967693053609,-4.5963813132219355,1.4132671292633534,-4.53698437190215,-4.632159752817785,-4.561564183414743,0.854679929592863,-4.520278526356927,-4.4899023542665315,-4.573811103090337,-4.581988680640356,-3.102523034044371,-2.780337168427969,-4.637300977672915,-4.5358592373949795,-4.355633491117352,5.769506616936731,-4.047814101595527,-4.642220814817789,-4.348847397535224,-4.643856189774725,-4.454083281208622,-4.637329262642142,-3.7874675689440793,-4.031291806405423,-4.5305354599174175,0.9448105399041525,-3.8971006921322098,-4.4994421646331455,-3.42976382231206,-1.9374124936012873,-3.631076415478178,-4.033330490912527,-4.127754723696151,-3.346057945946719,-3.284687642261637,-3.8218102888947434,-4.632308939394934,-1.0062168870521544,-4.643856189774725,-4.643856189774725,-4.582512745487836,-3.0511395159802017,-4.001432942736461,-4.494447536607145,-2.1599939454495547,-2.5325364876406096,-4.635705825387667,-4.643856189774725,-3.3609356922129803,-4.635707666760211,-4.640594737648298,-4.643856189774725,-4.536432411273395,0.43426828353315605,-4.21383693904922,-4.495802754617496,-1.409823608313759,-4.509833433079712,2.8827660194482427,-3.381745209711819,-4.159535127337583,-4.6422235168769586,-4.643856189774725,-0.01287519593645587,-4.643856189774725,-4.635711438974011,-4.598526942492434,-4.637338293270455,-4.6292095907724935,-2.492577665731486,-4.566594086891838,-3.609076079765196,-4.606569189021299,2.5834642016123737,-4.640594147697136,-4.643856189774725,-4.640595419513379,-4.401421245918691,-4.643856189774725,-4.235319279089723,-4.443711260138207,-4.642223359810106,5.690462792527436,-1.7309923493615291,8.312970453752335,-4.5523390431024,4.823738503072788,-4.613022144070334,-0.4760752942371772,-4.643856189774725,-4.637335752479512,-4.634084306480751,-4.06495382129096,-3.381608876194782,-4.102871177430822,-2.0492687824148086,1.1748522900935772,-3.9114110433318574,-3.623750301557399,-3.975576957340128,-4.543033214015747,-4.638939725775836,-4.632360727407733,-4.175774432113281,-4.616029366173873,-4.643856189774725,-0.18414904737511292,-4.638889028630362,7.541939966403369,-4.6338870790339355,-4.007922680946798
F,-4.605506717486556,-3.6391572109952257,-3.293031146458971,-4.559670793547383,-4.63049269703412,-4.643856189774725,-4.330778135155376,-4.640535412230656,-3.7593459791327017,-0.046743330930617645,-3.798320454140834,-4.341531225778368,-4.524846205704961,-3.7604106742507613,-4.534277569026794,-4.643856189774725,-4.6356706805069585,-4.643856189774725,-4.627544001321811,-4.612960455686973,-3.036409157308985,-4.300591881333603,-4.634071327353567,-4.54822636760242,-4.582034379371395,-4.607759219663646,-4.582027348722186,-3.4769737533533,-3.828376929589063,-1.2898592858677642,-3.2845075817465217,-3.953280637979095,-3.2924692712678825,-3.9935475630922457,-3.554019264379034,-4.005477181334364,0.9821239937548415,-3.5723637419947947,-3.9777975387011626,-4.630835013613068,1.1889653830813955,-4.448317751262367,-4.577732696376681,-3.5557881557735853,-4.5713648523402215,-4.643856189774725,-4.34195942346779,-4.505223742129976,-2.950582518352757,-4.640594295204935,-2.9005613147978484,-4.324454128587535,-4.078246181547393,-0.6491537851116626,-2.2264945371223557,-4.352145036850493,-1.6080755715066581,-0.996280782421969,-4.498940869127726,0.6599408413426576,-4.207954512435267,-4.643856189774725,-4.242033088312501,-4.603359049446945,-4.531824799633917,-4.643856189774725,8.631166881213204,-4.495965167723429,-4.643856189774725,-4.402942738405652,-4.611410215569471,-3.626163565776623,-4.6194904493225195,-4.637336783763896,-4.3375332197529195,7.429820560758372,-4.183321140063182,0.1734582848918429,-4.616250029679624,-4.557087915191713,-4.5745409526360366,-4.640594258329236,-4.28638606188341,-4.611401821706895,-4.408748095460742,-4.637337262463621,-4.640595437938208,6.122469153522251,-4.643856189774725,-4.257990866975916,-3.759973520768781,2.677513650626164,-4.642225242620102,-0.532967565596832,-4.190223960963068,-1.0671672337348583,-1.8432202981158459,-1.8088278655535166,0.9086429227889827,-3.557666567574304,1.9152255725873237,-4.2863197369767105,8.6489715941643,-4.622543794687555,-4.632366743456821,-4.614400821586358,-4.632321798356065,-4.6422032583459565,-4.635582332017323,-4.610882016905001,-4.173411483104076,-4.633782196992138
G,-3.958223945852967,-4.630212045273649,-4.0028354555423835,-4.613862433010332,-4.6421823645351745,-4.589280940810694,-4.48725740991489,-4.63225015062902,2.3985877382364778,-4.4944455714744125,-4.6339990126498884,-4.554880263091561,2.3677151094763897,-4.333077085594854,-4.598230498297188,8.636097139325079,1.3555289599018676,-3.9149601778821084,-4.463149283601689,-4.517511743298436,-4.643856189774725,-4.564852034342121,-4.441987334400264,0.8331814599286861,4.09288238919073,-2.0128209911169623,-2.7518254828446462,2.8368038759168064,-4.47938920803129,-1.7556518959287561,2.457364263846277,0.343236135549937,3.43519644196212,6.938440290445871,1.9139806937991506,-1.4770822528260792,-3.7167311219594987,-4.497230577872893,-1.1265689479250671,-4.617872335469363,-4.643856189774725,-4.629209177715744,-4.638966166603403,-4.549160021031757,-4.527161353819038,8.47536101710184,-1.0614081012249512,-3.381616532309909,-4.6405954010883415,-4.471249653670629,0.24398104875722051,-4.635709461297533,-4.64222517808582,0.12991137683175172,4.653767371977611,0.27199815442244984,-4.062871520988993,-3.854274763943759,-4.349136289587484,-2.5650327145233573,-3.921985595187199,8.622312020634991,-4.471119738349723,-4.624346615017974,-3.532226433004446,-4.516211955409166,-4.64059553005923,-4.198686761280609,8.626097797586871,-3.3948140496147587,7.668706002968072,-4.454446756029494,8.577469593401657,-0.08053125011140458,-4.065970872517805,-2.993052971131192,-4.629207442622953,-4.643856189774725,-2.996015941758848,-4.643856189774725,-3.599844446476308,4.815719324887678,-4.612989332218976,-4.542837017798591,-4.340325249311467,-0.5699262745680486,-4.613026825783885,-4.3968237683397415,2.743310824514008,-4.538116031878066,-4.643856189774725,-4.643856189774725,-4.595324390830748,-0.9936632175066502,-2.0858758599927136,2.584235119130009,1.3547135453536272,1.0923488881393832,-1.4094795502470543,0.3119898628392582,-2.2403896176238165,-3.876737775848837,-4.629131858365214,8.662791371519619,6.91599837963223,8.665098564453,-4.632321798356065,-4.5881810333943625,-4.643856189774725,-4.473236169543061,-4.612404778861402,-4.5707842545964175
H,-4.5480322937195865,-4.603115801240685,-4.542626757227422,-4.506478213555813,-4.610562793883529,-4.5292934827507185,-4.643856189774725,-3.1747668971861724,-3.031174355719786,-4.638913759512177,-4.625810344061777,-4.531082834905525,-4.638934778226545,-4.640576722155919,-4.638933070830922,-4.643856189774725,-4.470473909333728,-4.6096451544397326,-4.643856189774725,-4.640588384468587,-4.624305414824116,-4.522226124555712,-4.637329262642142,-3.6059097557676494,-4.638927071571381,-4.593121454495387,-3.7367379881407006,-4.008188677494667,-4.615150935564397,-4.540421621987989,3.9645629684608314,-4.580142828915885,-2.677090299347198,-3.6386332503436916,-2.177986982386332,-3.328023786800595,-2.5283681091704833,-4.640552257198987,2.78687217094366,-4.640595382663096,-3.67346406955115,-3.196452115088612,-1.458387918594311,0.21300910580525062,-4.576141356678556,-3.655252015079248,-3.199070537339425,-4.643856189774725,-4.601750690468629,-4.3200338749671685,-4.4897414782723875,-4.634082872186488,-4.6340839203660185,-1.8856469709995713,-3.493045226785833,-4.347721038597826,-4.212253609252897,-0.13950699072748232,-4.5176390887508395,0.1414593147227743,-4.528553342493588,-4.638962434434813,-4.643856189774725,-4.622726755953289,-4.320023480297099,-4.3894914305163635,-4.643856189774725,-4.6357092772788,-4.643856189774725,-4.622723779966858,-4.595323030265392,-4.638966221851998,-4.469776007962374,-4.585705132986431,-3.7047949472303086,-4.527118015590025,-4.568164206657762,-4.634084913170831,-4.598526942492434,-4.622727827103226,-1.7476034334410286,-4.596915345144442,-4.637330406675669,-4.026275023384934,-4.606539206116947,-4.635709829310059,-4.609800709086525,-4.642224274069339,-4.64059494039473,-4.315666561392476,-4.544450761051881,-2.8214299101024665,-4.643856189774725,-1.0067153591596667,-0.05337383144646056,0.6025522030057885,-1.011268276386235,2.0994961625853517,-3.00682495208901,0.24440624172049563,-2.7302822621144434,-4.527096370362594,-4.642216437460666,-4.637281747261702,-4.426907385362375,-4.642211867953013,-4.638907232106783,-4.272056236956523,-4.642199519111317,-4.549250644036491,-4.597625558833334,-4.522002745094857
I,-4.6127721900403404,7.370840560860846,-4.325931189248338,-4.048174587071855,-3.8906980371250968,-4.642187137874963,-4.297650807639876,-4.627290389228731,-4.4860109869170675,-0.6350891905915498,-4.05090938300592,-4.60469249211931,-4.21727837405873,-4.493613927355301,-2.406514682383592,-4.643856189774725,-4.625878623320216,-4.470538900615748,0.2977091945304584,-2.885829262403152,7.48584897884692,-4.1369731883258325,-4.616218142428613,-3.592141584958104,-4.606279731747632,-4.404731608752402,-4.2455947555385105,-1.9363045641893462,5.551965947303987,3.7850725795750244,-3.4903330675957007,-2.9279682487528476,-2.065508389238236,-3.071946120603187,-2.3205490870716665,-2.2317615672523066,-3.806362560247148,-0.7140934302688406,-4.14361053169849,-4.642225325585246,-4.522448377527641,-4.625964358730933,-4.632459000547265,-2.437193533257017,-4.608188401149353,-4.638961106068272,-4.5302447388328915,-4.136237692541781,-3.6642765507138737,-3.6420009712048924,-2.8231201531735253,-2.0550748118534368,8.462440005151276,-4.175902716910457,-4.503621895861627,-3.432399139560168,-4.020445568422089,-2.4760716237924516,-4.584053888354933,-2.1576875991690736,-3.740780497625386,-4.642224015594821,5.0287662901390435,-4.634084913170831,-4.440663369441956,-4.643856189774725,-4.000267537630644,-3.7549708942765454,-4.632459515021807,-4.603353364685181,-4.019841289045006,-3.3135359654663468,-4.640595511635441,-4.413446541187161,-4.527100541828151,-4.627582733395502,-3.619078153209736,-4.593723729994985,-3.298962314494552,8.555639867679552,-4.291082870519529,-4.557053108476018,-3.90824930295507,-4.6324555909798555,-4.458853212466585,-4.569763273340542,-4.638966442833894,0.16144344423784923,-4.64059494039473,-1.232654383336181,-4.613027692611862,-4.386417822310988,-4.643856189774725,-4.569028055547692,-4.216932656678989,-3.8431320315237905,-2.290091459848602,-2.342543049120434,-0.8173641269446349,-3.526946127455447,-0.04754497084950184,-1.767526491853868,-4.454988619387856,-4.643856189774725,-4.5531966794720695,-4.643856189774725,-4.58663986537533,-4.6011847512972865,-4.504749368702034,-4.271052050268804,7.444175407896005,-4.45191607437747
K,-4.486453387040905,-4.61493911028103,-3.5598654531294986,-4.637163914129184,-4.635496756632426,-4.618921221472574,-4.635027608235779,-4.627290389228731,-1.3690278877156972,-4.6422077721786,-4.480698765157256,-4.640572168453378,-4.3610057018496775,-4.643856189774725,-4.637293896068313,-3.180805003059001,-2.0845084134618204,1.3271642038573646,-4.643856189774725,-2.935138811010825,-4.635693928510605,-2.2768815685324766,-4.643856189774725,3.0515360394253217,-4.567584359055554,-4.19520098787876,-0.7451156209285075,-4.366471146298089,-4.598063865970613,-3.6767980454362017,-2.4787474574779096,-3.4933228063625843,-3.538541868625541,-2.6838394457947983,1.2970217918188993,0.15122940277246358,-4.073239463834144,-4.625731199616135,-4.3372883221316085,-4.630835013613068,-4.643856189774725,-4.314259851183112,-3.5536946366896762,8.038598173188152,-4.6243463951579,-4.598488505584856,5.3923559293249355,-4.617855652660927,-4.642225334803074,6.902793613263607,-4.51148294881644,-4.630832442267523,-4.640595087830849,-1.5565858064818219,1.4346708905622267,0.24062399699257178,-0.902185882952732,2.608964615708113,-3.6286759422701236,-3.4739092290859896,-4.283384541260174,-4.638962434434813,-4.634073981210522,-4.643856189774725,-3.905000619542822,-3.9600450375067417,-4.643856189774725,-1.7396336139064799,-4.643856189774725,-4.630833323986107,2.6711481925339826,-4.63733807241072,-4.502208436025444,-3.9857871090084678,0.4185414499008017,-4.643856189774725,-4.622720684051557,-4.643856189774725,1.8598931122898628,-4.643856189774725,-4.414979528403879,-4.272292210740553,-4.643856189774725,-2.5938185683205814,-4.531751416229073,-4.524011803645962,-4.63408496832074,-4.625955680668007,-4.643856189774725,-4.617864143081668,-4.642225399324955,-4.63245507615096,-4.637337925162582,-2.961348645695207,-3.399638513186229,-4.195387876872243,-1.9894450072175265,-2.418112592804619,-3.716870049981589,-4.127047771146498,-4.055486488448792,-4.57355788681774,-4.643856189774725,-4.642211174233321,-4.572385352185723,-4.625819983561178,-4.642205593889808,8.309865852413044,-4.642199519111317,-4.402221278159452,-4.582921653655744,7.71928496804845
L,-4.223744842207853,-1.9182222012827053,-1.1337940777556605,6.49689986801197,-3.2215033239373274,-4.612308129223084,-4.4788945363128905,-4.53944234722117,2.292744943555415,-3.931532500112486,7.575749299422854,-3.9648034959823035,3.1541946769136384,-4.569355683246923,3.897891692762854,-4.638945081373309,-4.545545202870367,-4.611265086258845,-4.331007137525029,-4.621058892286197,4.909990380130701,-3.3320985339707048,-4.635699835175202,-3.8034338261799396,-3.5940459357312613,-4.5898786776767215,-4.1606624211089,-2.0590104969514194,3.17185784555211,3.6443468688932383,-4.133866625010336,-4.500726577492211,2.992309767126136,-4.515334100528601,-4.153387026621423,-4.3307901922959715,-1.9544499710605725,6.8879067136262115,-4.397263150856156,-4.634084802869148,-1.997869974548167,1.395195428958543,-3.698127807268388,0.6737111256428179,-3.95877541440288,-4.563336240195494,-4.114503322997391,-3.619905478873388,-4.1834414710475825,-3.1982294436598058,8.06973483010572,8.110740960937331,-2.660693072443017,-4.32702569262438,-0.11051639375366909,-4.107502747188451,-4.555382792710173,-3.7891687120966284,5.963471902235671,-3.523745258622376,-4.15230399121004,-4.634076965079392,-4.380271000885771,-4.459040645947533,-4.425493757447685,-4.630834646340156,-2.6193450120769,-4.600133641357225,-4.643856189774725,-4.524014458755207,0.22362114901212315,-0.04033402765801153,-4.638966553317353,-4.485133528221533,-4.492820744635675,-4.539683218403873,-4.452873466794419,8.542569110155036,-2.9349105288598776,-0.9986065772912653,-4.609796497636744,-4.632455526628786,7.47752080876921,-4.00135151207336,-4.486554499670845,-4.519320035133418,-4.643856189774725,1.1049039630405726,-4.6259647621569915,-3.2310638292505787,-4.643856189774725,-4.561804398596713,-4.621106396510316,0.2569985251660866,0.37347798070195676,-2.0246203782858228,0.20730445758219657,0.7921559429017252,1.8067581652582698,-0.6202191833637004,3.53614758583317,-1.6013986125140225,-4.1491624984938875,-4.637281747261702,-4.317641201331094,-4.635643935313234,-4.64055594169331,-4.593050562483734,6.941321237585726,-4.625673780228136,0.3701963195448619,4.871860506909556
M,-4.609137166937577,-4.4361133371487105,-3.929391169775361,6.539032494107514,-4.429347765722977,-4.618921221472574,-4.643856189774725,-4.643856189774725,-4.643856189774725,-4.6257751855817375,0.34186652655484395,-4.642213711898392,-3.317032779533823,-4.637300977672915,-4.575685379972032,-4.643856189774725,-4.6356706805069585,-4.528211837526907,-4.58716248279902,-4.616197103247851,0.1109391460864461,-4.63732516297244,-4.6422230733162655,-4.5307423767164785,-4.59009354814018,-4.519444373616123,-4.554967475167345,-4.519523997401711,-4.454067182802669,-4.372960063490671,-4.551081567384397,-4.604753348010429,-4.367377070715826,-4.566058064451887,-4.460625608000854,-4.477499710527177,-4.483629854101246,1.3585230229610108,-4.6323275920006255,-4.643856189774725,-4.550744602356567,-4.609794774470688,-4.632459000547265,-4.571350683609547,-4.643856189774725,-4.643856189774725,-4.383414337982174,-4.643856189774725,-4.643856189774725,-4.333191504605623,-3.3172390848929303,-0.1498781685193986,-1.4324434346578168,-4.617836895537977,-4.46960296921621,-2.639076041085108,-4.600084754811818,-4.356472117286355,-4.49118556527714,-3.951644572225456,-4.6340696679616205,-4.632450311778495,-4.380271000885771,-4.643856189774725,-4.642224726202811,-4.640595290533746,-4.643856189774725,-4.563404046750423,-4.6405954010883415,-4.642225113546432,-4.609797454875884,-4.643856189774725,-4.638966553317353,-4.617866484290958,-4.057966271263051,-4.6422247077532885,-4.635708817195598,-4.560251261263208,-4.611405654226353,-4.608190605580435,-4.637337557013128,-4.632455526628786,-0.9240000189667767,-4.613015899573256,-4.622704713784542,-2.8252159133524177,-4.643856189774725,-3.545325925489438,-4.643856189774725,-2.932982151446759,-4.643856189774725,-4.6389644809213335,-4.634084306480751,-0.2872255897178137,-4.553585691868177,-4.346621215064479,-4.294482764889934,-3.8915793069698816,-3.6889089757618128,-4.124155221763353,-4.18549966786698,-4.099508857633058,-4.638939725775836,-4.643856189774725,-4.64221203660718,-4.6405684826613,-4.642205593889808,-4.490908974020287,-4.517410300530592,-4.6322723162591055,-3.776409005144571,-4.6287583595252935
N,-2.98449334575188,-2.916915000325232,-4.64216773108861,-4.637163914129184,-3.967809113073447,-4.590919659409104,-4.561915032714849,-4.627290389228731,-4.451222846088262,-4.5948087724822715,-4.2206205863631645,-4.627473333285728,-4.643856189774725,-3.1487855360176353,-4.635655651983482,-4.6422182246871815,-4.42148998352694,-4.539253810007361,-4.640586366230004,-4.145150226757672,-4.64222188930862,0.5510380412043664,-4.643856189774725,-4.2515376269011655,-4.63728590160126,-1.5611812392428936,-1.0697178777398237,0.4194693393191114,1.7631101329556695,-4.141371010423091,3.918057327037313,0.971262653962952,5.995108631102009,-0.5370283017163624,4.009795702907419,5.09776979845977,-0.14140162264118802,-4.627374229306106,4.189989456400242,-4.643856189774725,-4.389463895837066,-4.643856189774725,-4.622725684694739,-4.425529434916511,-4.640595382663096,-3.5371326235939837,-3.7083876563232554,-4.579288937946728,-4.295454463501186,-2.74190611254738,-4.552299811248104,-4.642225002895595,-4.611409850709212,-0.422618933455213,-1.2073981266054838,1.0724154532472296,3.006145073418055,5.264056902906871,-4.629195202682665,-3.7903907519038196,-3.7169833311322478,-4.040550950949295,-4.635702047971039,-4.643856189774725,-0.40937644097273185,-4.627588421873431,-4.643856189774725,-4.489771181215653,-4.619489626261687,-4.417990360693707,-1.1116544979871208,-4.630834646340156,-4.592122416371933,2.7729097874017046,-4.001240733100191,-3.9766178595106907,-3.8155154756184357,-4.643856189774725,-1.7123307177743181,-4.634085409497595,0.1428483650307739,-0.1419909136016215,-4.634073041467503,-4.621099860397769,-4.627572079745161,-4.445271092763464,-4.522467197973427,-4.624333854937162,-4.622723660909964,-3.6616857876097,-4.6373385509212275,-4.595308331297035,-4.643856189774725,-1.0757463306898958,-1.4664304912388715,-1.192770356088777,3.0701852379004726,2.0168927493459083,2.5371983577319246,-2.337129546221262,-1.253496581840614,-4.197067223146383,-4.642216437460666,-4.632360727407733,-4.625821828248075,-4.634004285497677,-4.611022352334481,-3.6553979848199063,-4.643856189774725,-4.562116721869589,-4.602543559140677,-3.9690574695250707
P,-4.585620488023324,-1.9142366717364019,-4.5037523897644185,-4.540214388954663,-4.597352260683462,-4.5664360694893045,2.293244403285284,8.536069713896504,-2.8227990135413377,-3.1302302427707573,-4.575552815813008,1.364631503237786,-4.471769441683352,-3.4666503561406956,6.602442565135817,-4.638945081373309,-4.643856189774725,0.952280325124805,-4.59197853092236,-4.579193071099292,-4.627554691731695,-4.154854853927599,-4.643856189774725,-4.63070219246894,-4.271055853873994,-4.442978028955247,-4.121287542444396,-4.059608504514041,-4.240658708154835,-4.088239397919644,-4.3420075155341165,-4.348165253831937,-4.496127875579906,-2.3536615265343066,-4.454842256755275,-3.9740951755185407,-4.224628156774471,-1.4840205540741656,-4.612670819592721,-4.638966359968023,-4.643856189774725,-4.630832956617873,-4.63571074919593,-4.401426505609898,8.478570383474356,-4.422318617564555,-4.588892253411842,2.094200673134192,8.583719355775454,-4.638964729701605,-2.036129431523983,-4.606570236502844,-4.643856189774725,-4.627566655724688,-4.2994738274369535,-3.959511075106855,-4.5633146618447435,-2.913741292640374,-4.052330546804009,4.160303306915194,0.7880250498282749,-4.634076965079392,-4.6405917672905375,8.511995111156786,-3.446908333868189,-4.632459129170255,-4.6373385509212275,-4.6357092772788,-4.629211573120641,-4.592113718766549,-4.00019578115844,-4.3954724764148025,-4.638966553317353,-4.094315999255806,-4.5808926814012985,-4.637335789316715,-4.5602274939606335,-4.598537367763138,-4.619484137768126,-4.6405955853293435,-4.592114878616241,-1.1347140647421172,-4.522321860358675,-4.619481255319098,6.407703625867326,-4.632457714157668,-4.63733836688704,-4.595295802928921,-4.637337372922806,-4.608177174364784,-4.643856189774725,-4.643856189774725,-4.643856189774725,-4.622511656684918,-4.507925348452454,-4.3763484602995595,-3.7388273362170277,-3.707467341271222,-1.060307831740822,7.538559627473609,1.0387017083444392,-3.998517570523002,-4.637302764292178,-4.638923954043449,-0.4465462218034365,-4.6372845174048845,-4.606129343883973,-4.541527820720542,-4.612540958166062,-4.6339243107859875,-4.627260089254077,-4.562596515473303
Q,4.113070718252147,-3.4017856437124974,4.825722029882747,-4.579259285332699,-4.55970545791157,8.647981331141837,-2.8335361038626434,-3.403244498672437,-4.617280820671785,-4.6078067789519634,-2.836361727727013,-4.6291074393828655,-4.5901768997759405,-4.6307606243667365,-4.534277569026794,-4.621008863476492,4.6526955377223285,-1.6106026757723682,-4.637320243968061,-4.608112281679373,-4.624305414824116,-4.60488994845447,-4.640590880670763,2.2439176222037216,-4.642212214593494,-4.243658232596609,7.364359932947914,-4.5296828186309,-4.640012282564191,-3.6270159346113586,-3.5623388858137526,-4.215581896413571,-3.804334035537317,0.18720229312970924,-3.36447617573832,-3.2226835313445155,-4.398124353793784,-4.627374229306106,-2.015026513091213,-4.622726517905221,-4.629209425552589,8.411222067625394,8.54479185731878,-3.847586320517271,-2.70713905616665,-4.593669722805844,6.823943693786636,-4.31702196755473,-4.642225334803074,1.228514025047825,-3.82891689375211,-4.625963652691551,-4.643856189774725,-4.195414490490965,-1.90775992916245,-4.393766106509454,-3.9030983315494363,0.15706758394326187,-3.2321742795591657,2.47336003546551,-4.401111837740602,-4.625952853435288,-4.643856189774725,-4.6308351605164315,-4.5888974881250535,-4.60979917777075,-4.643856189774725,-4.625963249215456,-4.643856189774725,-4.642225113546432,-4.314284506701899,-4.643856189774725,-4.63083552776034,-3.1855269427638904,-1.0716618782435339,-4.643856189774725,-4.629207442622953,-4.643856189774725,-4.539699418957842,-4.643856189774725,-4.603354274354313,-4.627583284067229,-4.5968752840391796,7.2646801380322374,-3.1757509436658484,-4.533418289936652,-4.624346724946153,-4.541230921941642,-4.643856189774725,-4.531830392729725,-4.643856189774725,-4.643856189774725,-4.629210747207463,7.147166764395706,7.43382563499827,-3.4188697166858426,-3.3680473577163252,-1.1395934894815414,-4.050624562116853,-3.5340064847600616,-3.153465592634006,-4.549432680092201,-4.640577616480151,-4.643856189774725,5.259162535757734,-4.6405684826613,-4.643856189774725,-2.619259456443465,-4.628980285682003,-3.5433580878693904,-4.628915410326256,-4.444058338990562
R,-4.549811147745768,-4.621717102784228,-3.4217057349075404,-4.623825749112587,-4.6388376242189695,-4.602416823105886,-4.6174510740552,-4.607536160960221,-3.371028762492559,-4.6422077721786,-4.60787665980304,-4.616060430240805,-4.513838534866057,-4.545472108116413,-4.482563034173899,-3.8027714920598243,-4.269242030433627,7.172679044005803,-4.643856189774725,1.1264007671863432,-4.64222188930862,-4.062522748047475,-4.630817066497947,6.6937147157689445,-3.535219104162173,-3.563121905268117,-2.266911982848422,-3.1144676906201614,-3.582548640500897,-1.0726917713406212,0.5466521961119759,-2.2735471847282587,-1.1191930896176987,1.709339291888776,-0.7499945583231635,-1.1778683367271436,-3.114759848451019,-4.640552257198987,-4.318061881001239,-4.552337515218108,-4.6405949219642775,-3.208332439367362,-3.3633328311034782,1.174373793654832,-3.803497719597753,-2.556863907512805,-2.6323891500153858,-3.8972487078354,-4.621107677660757,5.065390445581938,-0.2776521124107297,-4.609793434109872,-4.627587412917562,-3.9721422261482706,0.44995892664476095,-3.8298025585275886,-3.7290171946663127,0.5522612666778216,7.038262796758077,-3.4816051903680862,-3.5222601307399155,-4.393790505418081,-4.6422235168769586,-4.579330812908704,-4.609787688511327,8.655621925758469,-4.643856189774725,-3.3736328915573117,-4.635711117092112,-3.1185094672047535,-0.46814367778391114,-4.613025438757724,-3.14673060013086,-3.0925461424338114,-4.132186541890096,-4.009176306064264,-4.588902414003169,-4.642225344020798,-3.1483695752272913,-4.643856189774725,-3.5313566510900087,4.210974881530081,-4.643856189774725,-1.430353507954979,-4.059032308495957,-4.630833030093178,-4.629211738292099,-4.621092935713157,-4.616252360004432,-4.38345095707844,-4.643856189774725,-4.6389644809213335,-4.619488254370059,-4.302334891875405,-2.961262344322372,-0.7096684755198718,-0.831383742472817,0.16926468070618486,-2.2551612497562776,-1.0672903083364416,2.7495131878636814,-4.422531632132989,-4.588620844414281,-4.622543794687555,-4.019286653315347,-4.52779701699972,-4.62247174384758,0.6377970473964368,-4.635582332017323,-4.622380162367297,-4.4710460396007745,-2.627520490041869
S,0.8830496704173301,3.021881849133181,-4.497323945191846,-4.561298098203191,-2.236463149742157,-4.551845020092316,7.641370785876512,-3.203869113918643,6.021900021638579,7.388891245877158,-4.062994410462033,7.983086305129035,-4.404500044954628,7.8310422037878,-4.261394470338116,-4.532963035478635,-4.26205191935746,1.2067432963459308,-4.6242926007751795,2.9508924106101997,-4.630807631819616,6.475745359656746,-4.61298394371329,2.434223968432501,4.127624491025495,8.164754231452891,3.5533024629609713,7.388640442778757,-2.98899512348431,2.234514641450683,1.842818608942527,7.070105803852177,1.292754480951495,2.926579050811719,6.113832092765243,5.267899697099938,-1.1308564667073076,-4.490953348573414,3.251644875145486,-4.640595382663096,-4.48051763343264,-4.629209177715744,-4.638966166603403,-4.36564547471464,-0.3836117774736725,-4.425344975671471,-0.8221561335369908,4.647223450914793,-4.563421989621921,-3.640848037266799,-2.009808700942036,-4.638965392991968,-4.425552024614515,-1.483552545839742,1.7434999053438474,-2.360376958635538,7.8284533738745665,3.7251576783565135,-1.5722364314002937,-3.75992120970702,7.538052978390703,-4.202646701627692,-4.579259303874089,0.5999377326609243,5.505616160760604,-4.3538631966820605,-4.574551407143467,8.345190638475842,-3.812048438409069,8.611674952191398,0.5189905013484276,8.359893042124527,-3.2184928103673274,-1.5936904172751207,2.1779849013528088,-3.886106192337291,4.40564346301988,-4.619489763442354,-1.781078567147878,-4.630835821540551,8.10673173477029,6.409120614731994,-4.609759315166463,-4.6324555909798555,2.792985806439372,-4.625964459589153,-4.643856189774725,-3.1517649389514015,-3.593010496648924,-2.5667150855927283,-4.62596798891063,-3.8785820499502357,-4.611411127684221,2.2823835350376815,2.566943510758453,4.472855403509633,4.261033185235038,5.752956899763755,4.3178581163514425,0.28859354174032903,-2.0341980092360856,-1.4486885188273115,-3.726999189505465,-4.448244627657224,-0.027351001534962456,-4.582021478939111,-4.007800273256972,-4.512945533271297,-4.627332131730263,-4.325478056666135,-4.424396121519499,-4.5528017990824345
T,-4.598259493603651,0.33160958005552615,-1.7513268405169822,-4.608893646662478,8.591468623202815,-3.229817482298028,1.784810036794959,-2.138972342903511,-3.346035143094182,4.576892134169904,-4.095470817865832,0.5139540742202988,-1.4666941507118152,2.806691660386679,-4.06268470016003,-4.444464820409324,-4.230626568231738,3.9643897844930747,-4.469301962746372,7.970297096832238,-4.541083550660837,6.4410224467921475,-4.6422230733162655,1.7392990121970673,-2.037702389056083,0.8206600705415081,0.7552880591444782,-1.4900573842376623,-4.242331611459955,0.023746945007116594,2.5295401066296614,2.094773057303615,-2.9647727967573725,-0.19552264342609207,-1.869630935778573,3.839831667857757,-3.273329573694923,-3.501411828829865,-1.860015924908201,-4.638966359968023,-4.638965669309863,-4.637337225643061,-4.638966166603403,-3.6306082878678696,-3.3508410064151177,-4.584056233264469,1.2795629301621942,-1.4281543771589216,-4.572956538014461,-2.1235113947431343,-1.3797409528618096,-4.627585669880789,-4.308465364159406,-4.505125656195673,-2.206779740490202,3.3898169972583307,-0.144169227679548,3.44529979283285,-4.222207520964147,-3.6833545165484125,4.252565881328832,-4.62433077241654,-1.3852462183774814,-4.492900612164297,-4.078103841597073,-4.547597545489424,-4.642225399324955,1.5550370262216382,-4.634084858020301,-3.7192926558794777,-3.3011623906124816,-4.340615217477972,-4.4014817185837805,7.974908757674239,3.0470870101322687,-4.598519820038521,7.719923363009915,-4.638966415212249,8.014370911095412,-4.6194909979988505,2.2789348057906644,-2.989414263516863,-2.1515028299543024,-4.590500562911202,-0.6790697819410965,-4.59852999428764,-4.643856189774725,-3.404897881312639,-4.113304109898213,5.621921956368803,-4.622727470065314,-4.613014511563739,-4.6097984120612185,-3.673412204028581,-2.9640054410505234,-0.1820111422855632,1.9340649438682462,1.5460172948140032,2.1177270069003447,-0.06341733482448958,-2.5572993440025393,7.611140570650008,-4.637302764292178,-4.634000135005033,-1.0029982268473103,-4.6405684826613,8.66044441204979,-2.4205225602645233,-4.633930403695827,4.848494880183664,-4.322856766573414,-3.9703889709108364
V,-4.429572794306532,1.026293394830331,7.043095960251289,0.8693889620322391,-4.6155323789665434,-4.643856189774725,-4.5722469450749035,-4.592808739839334,-2.5738293291971566,-4.511719646633289,4.3584133192313175,-4.430170130045122,5.835834799905461,-4.371635144524646,5.287276508635835,-4.630778430722666,-4.569411261862328,-4.619378415570024,7.124066008769723,-4.571211129906355,-0.927072425165521,-4.624307291334919,-4.62431953499746,-4.59483488288346,-3.4940800315352094,-4.586639541196969,-4.388181798199774,-4.045233060230998,5.4062701055842695,5.751950352549083,-4.285944061545683,-3.452773547309532,-2.9890758739274714,-0.6327964399976783,-3.8647294726930275,-3.314333590785273,-4.038118942240755,4.792469394282237,-3.227575518886895,-4.642225325585246,0.1267341280031924,-4.421003261696687,-4.489798328172296,-3.6237257174914177,-4.404473849957988,-4.617844518882218,-4.601731066450915,-2.0258416405134483,-2.056753339511872,1.335251821564982,-1.4598216732645122,2.1754241559072494,-0.2551266966824403,-4.561724709014277,-3.1965005030421767,2.338371393835598,-4.454204940826888,-4.198247753525361,-3.356988596033596,-2.3871372128941473,-4.547453345103213,-4.541214948609922,7.63653860292955,-4.643856189774725,-3.2571275469559064,-4.635710841173091,-4.323067651575293,-4.3361566013236725,-4.20157767051972,-4.606572750218445,-4.427067374859116,-4.627588421873431,-4.362747269280282,-4.6081803827386345,-4.212580168096966,-3.184367884196273,-4.170828752185548,-4.47900074760791,-3.6979818901294643,-2.1296312282196976,-4.61948688232394,-4.634081437471118,4.495553969666763,-4.499050382244975,-3.413019459418263,-4.352353704041896,-4.629211738292099,2.910195664266619,-3.6641591343020865,5.538406324884144,-4.632459965148933,-4.557049723000151,-4.640595216826517,-1.4508096014978444,-3.4893205556749667,-2.4947266693379824,-2.0994037294125465,-3.807334230394173,1.7657629576261644,-3.2058374026267478,0.5126046913807215,4.368635450798157,-4.55820844095731,-4.614388454435185,-4.4761410173697875,-4.594929646180891,-4.64055594169331,-4.578466560270268,6.429050501233156,-1.6873683401615978,5.207384811438251,-4.489933973608574
W,-4.643856189774725,-4.630212045273649,-4.497323945191846,-4.615520598391363,-4.643856189774725,-4.643856189774725,-4.643856189774725,-4.643856189774725,-4.643856189774725,-4.643856189774725,-4.643856189774725,-4.638931558377065,-4.624220708708015,-4.642215990044468,-4.638933070830922,-4.634042317774024,-4.643856189774725,-4.601559109393422,-4.6389528429624685,-4.619437385552254,-4.643856189774725,-4.643856189774725,-4.621076247878282,-4.054177636832555,-4.63728590160126,-4.643856189774725,-4.611059270793587,-4.56552303037065,-4.620869185956418,-4.332570405090289,-4.268645300623078,-4.5661733507371265,-4.5796157495191965,-4.2656265670301226,-4.536883460477343,-4.531893100006451,1.3622432541414795,-4.622447944349858,-4.629042149728883,8.670239988068737,-4.627586587315119,-4.64222506744374,-4.502197494606486,-4.643856189774725,-4.637338256461538,-4.419295430345363,-4.643856189774725,-4.643856189774725,-4.643856189774725,-4.632455655330198,-4.640594018616868,-0.7596164475389202,-4.635710335272998,-4.5301438267782235,0.6626713995231652,-4.643856189774725,-4.630817508413749,-4.263362067948723,-4.1801818420257435,-4.606222836788092,-4.533266749610506,-4.121141672770433,-4.616225615314867,-4.643856189774725,-4.634081216708289,-4.638966221851998,-4.643856189774725,-4.632456942184514,-4.642225334803074,-4.6292095907724935,-4.5491710825772245,-3.7779875252201185,-4.6194904493225195,-4.544424237966303,-4.643856189774725,-4.634081106323134,-4.643856189774725,-4.643856189774725,-4.643856189774725,-4.643856189774725,-4.640595032543866,-4.57452468379791,-4.643856189774725,-4.6243397970506415,-4.634074699715727,-4.643856189774725,-4.643856189774725,-4.637334057518102,-4.642225104326101,-4.643856189774725,-4.643856189774725,-4.588896564424591,-4.640595216826517,-3.0863553725920685,-3.3281862270160403,1.759209834610436,-1.4982323549212389,-3.396814394747194,0.5047097728794638,-4.37941870942298,4.225166080328688,-4.5913787938225825,-4.5999067138986725,-4.635640474602928,-4.632366743456821,-4.614400821586358,-4.638907232106783,-4.6323055054949265,-4.635582332017323,-4.642198500711039,-4.643856189774725,-4.643856189774725
Y,-4.421051509705065,-0.5006200751949257,-4.481315215208799,-4.643856189774725,-4.635496756632426,-4.643856189774725,-4.605210897061027,-4.642195323269933,-4.5949835830443355,-4.121885026251097,-4.637280998173421,-3.6385800868898857,-4.6291170661092815,-4.465715628469597,-4.642214216623391,-4.6422182246871815,-4.634036361527112,-4.637308452647181,-4.643856189774725,-4.637324275880122,-4.64222188930862,-4.584000911430629,-4.489597043748102,-4.62742304164576,-4.619294373916241,-4.640555922819431,-4.3597243289962915,-3.416377833570376,-3.377030157321386,0.9827007064843553,2.4168502635492097,0.09726559580252406,0.7380188652530438,-0.5513117723826386,1.6545917866174744,1.4578404955375035,7.581596401020438,-2.7590524140056107,0.12912569990433995,-4.630835013613068,8.274958285818506,-4.613021450362206,-4.560247068015107,-4.107848741965462,-4.640595382663096,-4.642223572305104,-4.630828987719845,-4.6405932808193215,-4.635711117092112,-4.625961231562001,-3.708423808878396,-4.635709461297533,-4.64222517808582,8.136388820000581,2.201334790865778,-4.2026050279373734,-3.4041908537810146,-1.0446705354474046,-4.461904060981545,1.5361608544300214,-4.2877137094868205,-4.638962434434813,-4.643856189774725,-4.638966415212249,-4.346399818171037,-4.643856189774725,-4.582525098690658,-4.587305031760036,-4.642225334803074,-4.367145430461033,-4.606574635282726,0.01731876176287388,-4.547603968168759,-4.531840334632189,-4.088771916837052,2.0757584065598245,-3.8786542790090612,-4.642225344020798,-4.624342106895777,-4.643856189774725,-4.555490688952975,-4.613015726078898,-4.643856189774725,-4.642224772324794,-3.835874515842992,-4.6405948851027485,-4.635711209060965,-4.51926004392277,-4.643856189774725,-4.126825604359368,8.66011984568773,8.271365867637494,-4.630834352506909,-4.119400097645882,-1.772849987944327,4.574226872794625,4.1983056553692135,-0.6890143148400178,3.1485727504950063,-3.2121533572438836,3.707299307296686,-4.536647909821442,-4.458062843988692,-4.643856189774725,-4.64221203660718,-4.609520695577879,-4.599618213151681,-4.6257258157767565,-4.637235206633909,-4.640541763461568,-4.632228904123765,-4.638814796868742
