,Pos_60 (F),Pos_99 (V),Pos_55 (K),Pos_98 (H),Pos_97 (T),Pos_56 (V),Pos_31 (H),Pos_58 (N),Pos_35 (N),Pos_29 (L)
A,3.326045829692748,-1.4772570795408788,1.8435153323659952,-4.574653216006693,-0.9431773049400342,6.724652907596489,-3.5294333741446584,-5.744572681962961,-5.660246870219516,-0.40532456834291397
C,-6.564263584815544,-5.2273542115129885,-7.5160925369130815,-7.632287576484726,-5.472427233609566,-5.640592431939459,-7.413654297856869,-7.627568035055461,-7.540848978929205,-5.590501972390757
D,-4.209678276580509,-2.9143136268883856,1.6967329192671121,-1.2022087620714,0.2840797637410786,-2.5684506381645287,1.3144138311803086,-0.11400144964804859,2.411215464081522,-3.380392006050904
E,-0.11723398055175727,-5.911411043331857,1.434268283533156,1.1748522900935772,-3.0492687824148086,-6.21383693904922,-1.9374124936012873,-1.409823608313759,-3.346057945946719,-7.4994421646331455
F,,-0.09135707721101727,-5.226494537122356,-2.808827865553517,-3.843220298115846,-5.352145036850493,-4.284507581746522,-3.996280782421969,-6.5540192643790345,-3.828376929589063
G,-5.565032714523357,-4.409479550247054,2.6537673719776107,-0.9076511118606168,-0.6452864546463728,-2.72800184557755,0.45736426384627693,-3.854274763943759,1.9139806937991506,-8.47938920803129
H,-0.8585406852772257,-6.00682495208901,-4.493045226785833,,-3.011268276386235,-7.347721038597826,,0.8604930092725177,-1.177986982386332,-7.615150935564397
I,-2.1576875991690736,2.182635873055365,-7.503621895861627,-5.342543049120434,-3.290091459848602,-0.43239913956016807,-6.490333067595701,-5.476071623792452,-5.320549087071667,7.551965947303987
K,-6.47390922908599,-5.716870049981589,,-3.418112592804619,-2.9894450072175265,-1.7593760030074281,-3.4787474574779096,2.608964615708113,1.2970217918188993,-6.598063865970613
L,-3.523745258622376,2.8067581652582696,-2.1105163937536693,-2.2078440570982747,-0.7926955424178035,-3.107502747188451,-7.133866625010336,-6.789168712096629,-7.153387026621423,
M,-3.951644572225456,-2.6889089757618128,-5.46960296921621,-5.891579306969882,-5.294482764889934,-1.639076041085108,-6.551081567384397,-6.356472117286355,-6.460625608000854,-2.4540671828026692
N,-6.79039075190382,-0.4628016422680754,-1.2073981266054838,3.0168927493459083,3.0701852379004726,-1.9275845467527704,4.918057327037313,,,-1.2368898670443305
P,0.16030330691519357,-3.060307831740822,-5.2994738274369535,-5.707467341271222,-4.738827336217028,-5.959511075106855,-6.3420075155341165,-4.913741292640374,-6.454842256755275,-7.240658708154835
Q,-0.5266399645344899,-6.050624562116853,-0.9077599291624501,-1.1395934894815414,-4.368047357716325,-6.393766106509454,-3.5623388858137526,0.15706758394326187,-3.36447617573832,-6.640012282564191
R,-6.481605190368086,-5.255161249756277,2.449958926644761,0.16926468070618486,-1.831383742472817,-6.8298025585275886,0.5466521961119759,0.5522612666778216,-0.7499945583231635,-5.582548640500897
S,-5.75992120970702,2.3178581163514425,1.7434999053438474,4.752956899763755,5.261033185235038,-4.360376958635538,0.8428186089425269,4.7251576783565135,7.113832092765243,-4.98899512348431
T,-5.6833545165484125,2.1177270069003447,-3.206779740490202,-0.4539827051859968,,3.3898169972583307,0.5295401066296614,3.44529979283285,-1.869630935778573,-5.242331611459955
V,-3.3871372128941473,,-5.196500503042177,-6.807334230394173,-2.0994037294125465,,-7.285944061545683,-7.198247753525361,-6.8647294726930275,6.4062701055842695
W,-3.606222836788092,-2.4952902271205364,-2.3373286004768348,-5.396814394747194,-3.498232354921239,-7.643856189774725,-6.268645300623078,-8.263362067948723,-8.536883460477343,-6.620869185956418
Y,4.536160854430022,2.1485727504950063,0.20133479086577788,1.3109856851599822,2.1983056553692135,-5.2026050279373734,4.416850263549209,-3.0446705354474046,-0.3454082133825256,-4.377030157321386
