,Pos_92 (W),Pos_27 (D),Pos_28 (H),Pos_52 (T),Pos_32 (W),Pos_53 (S),Pos_49 (S),Pos_30 (N),Pos_55 (E),Pos_50 (G)
A,-3.567962307389336,-4.820741705266768,-5.434346241790201,-3.8493606286755737,-2.6309521224064585,-2.7434206847041573,-3.561731126545874,-5.389166941690856,4.360585934229622,2.843720831950732
C,-6.436280318240637,-7.643856189774725,-7.638923448126748,-5.596875020252859,-6.296224703185123,-5.6275689544795435,-5.368323522438849,-7.583519283433739,-8.564889102571762,-7.512924905665014
D,-0.2517356429828195,,1.3002691218515814,-2.709916945696012,-2.6669418156938374,-1.2665842087724632,-4.187069624945235,1.7060349064260754,0.8768767028746658,1.6972811673883301
E,-6.2894069310239376,2.792963304659602,-3.9109881605463466,-5.5082620875001655,-6.233198451442128,-1.4003645752403227,-4.47262827255401,-2.7956634922036163,,-1.5674231583375269
F,-0.3742484293217485,-7.616053813263272,-4.45389105730437,-3.6071901323129048,1.4310814412786865,-2.996397979693884,-2.65464882503981,-6.780787287240834,-2.3691541923612447,-5.230870582815578
G,-0.6975579061989117,-3.346505799220092,-0.07891877105418255,-6.20528457685618,-4.734158245708652,-3.8780151461883645,0.13159974710082792,2.7483385901607815,-4.69414822224369,
H,-2.6158535615855922,-4.730290857051675,,-5.931119446421597,-4.790614056138992,-1.1331289818641503,-2.8889295220897946,-1.2714741794299593,0.10519869102100454,-5.494905204934693
I,-5.385116251862146,-7.3017812343196935,-3.9082215193823466,-5.019206070525497,-6.701189033680404,-4.452369092749367,-6.175936953328903,-6.41117923233336,-5.173075556589991,-8.516048670525082
K,-5.0522793951853044,-1.8668906842333035,-5.376840120777687,-1.4011158338475465,-7.118414125441475,2.6096079726596004,-1.5444350759985896,1.2989679484152274,-2.483767243512896,-0.5996146783764222
L,-2.1416628940685487,-8.22117890696957,-2.053235548896393,-5.553811077780518,-4.477404799848175,-5.80504387308957,-6.37575642079173,-6.276279487379714,-6.557939334745324,-4.150727824492391
M,-5.036556499611576,-7.561240054761371,-6.443615568546122,-5.600090656473095,-5.5044297265896756,-5.3564876013411,-5.619458171158442,-6.436399813291335,-5.956551967206392,-7.4695436171242156
N,-1.3482491471691178,0.7216849887209706,2.425776028774861,3.007048306321913,-3.3482135696457007,6.261420886793673,0.5824958406306905,,-3.790199558903262,-1.2061969499499337
P,-7.886582031121836,-5.171922401683639,-6.164332333074184,-5.553811077780518,-8.107486105024547,-5.561736168188561,-5.627567943107343,-6.498534812863645,3.160890075081774,-6.296462006185532
Q,-5.380199667377935,7.192683169968301,-4.529318502692972,-4.888064463949411,-6.296224703185123,0.16805117654217683,-4.188464233897535,-3.690539251629183,4.45448001248185,-3.9065069474900245
R,-4.789315124394643,-4.786006948517194,-3.0899715757451838,-4.387371038705257,-5.9087509402593295,-0.44625690123923956,-5.003419162166733,-0.29375137118162364,-3.453326113738912,-1.550319731774621
S,-0.4464892332008601,3.9387657431380627,6.001874376049656,8.78855322723172,-3.212259358932589,,,7.216325649604814,-3.7647884366479047,1.763968251666074
T,-0.4284945737425325,-0.4304517676350923,-1.8824145835565156,,-3.817981492937119,4.455718067840739,-3.4958109245939815,-0.7928220154180334,-4.69104494518451,-4.2062022320126164
V,-5.1082944500664595,-6.914450157872816,-6.821748916750526,-4.419266079920395,-7.08304834267943,-6.1926781186425535,-6.5760549748748724,-6.25631589124556,-4.398886181934858,-6.323490600865333
W,,-8.616053813263271,-6.567528978642655,-6.629193795433761,,-7.263382246882323,-7.547478034523566,-8.539080438544381,-7.6065207311197485,-1.336476943689477
Y,6.4607063773392035,-7.328174729430941,-0.8425408342218086,-5.2774815731545495,9.267456307822526,-3.0415044068173733,6.131816272918753,-0.678232098093807,-0.4861320735265151,-0.8093445338915046
