,Pos_57 (F),Pos_52 (F),Pos_101 (L),Pos_103 (R),Pos_31 (G),Pos_58 (S),Pos_54 (Y),Pos_33 (Y),Pos_51 (F),Pos_50 (Y)
A,-0.48695852157228803,-5.565759363068379,-1.0056669600214372,-0.22673812811713545,-2.3143391484006974,2.3650461373997085,-3.3508861111252557,2.48455828342097,-6.529549730151705,-1.1401253819969792
C,-6.62254125143364,-6.550205563213616,-4.017398829820008,-7.237975903162891,-7.607965964558852,-5.6340367514091385,-6.544655724246108,-6.150828867509653,-6.559369381839162,-4.992514642248537
D,-0.5711951670316964,-1.852800635129171,-4.110833383309345,-0.2349996183875711,2.548843928965356,-4.101459181439911,-0.2836907279154892,-3.815926996158434,-7.579421747212557,-4.1506085172826435
E,-2.3940121626837296,-7.0959207745452195,-5.114215427492159,-0.33542137734700617,-4.393767899319931,-3.092653424682161,-2.573854874775878,-4.4876963502335645,-7.596239166430708,0.0071727219835264755
F,,,2.164817783375751,-3.5023579466958283,-7.058942354016774,-6.282243072174205,0.11380069984601038,1.217486848027052,,2.788878640317663
G,-1.6612229772805607,-5.641749246966485,-3.9317854954522287,-1.0245327023256627,,-4.246311232063661,0.07264901255785938,0.7907886898462735,-7.5979263120400375,-0.5850801016637059
H,-2.977682224299123,-2.3421607805644937,-5.226720829338861,-0.33542137734700617,-3.849406662067243,-5.470480601863846,2.2851083265589067,-1.1896814202563442,-5.5895004318020804,0.4420278476971431
I,-0.7158949705225484,2.79814562010129,2.826251208615595,-5.709712340516877,-7.307918778275534,-0.7850624430755004,-1.3758625692352453,-3.9194009417591604,8.369305084029946,-0.967101109632618
K,-3.9979419424385063,-4.4001163413911275,-4.995169130750506,0.33918570964882444,-3.059925055890369,2.328648940789087,-0.807357792055156,-6.318134856789091,-7.613155180466737,-5.822386185869815
L,-3.5322862371058865,-1.6209854078528507,,-1.5287222876023572,-7.935622483241844,-6.083853476187651,-3.9330902537225274,-4.073577616554978,-2.0345553217676944,-2.076672211213686
M,-4.147648662089565,-3.826352826203944,0.13501387345225901,-4.08522948295793,-7.107603064300828,-5.250599501402173,-1.9193050337477622,-5.420658316525044,-2.2076282168995047,-3.4912256248658595
N,-0.12402654321891449,0.7143644695803926,-3.6672301227081556,1.2953400001852415,3.8539179624007236,1.3415038262128884,-0.350790123009574,-3.0413352301188326,-7.383338976879495,-2.8593097895496045
P,-8.096829124477912,-8.53707162419144,-4.17928183760585,-2.37775088713986,-5.852081573027402,-0.9202205368784161,-7.038147717382802,-5.788468791925178,-8.642141981194357,-7.612405681022252
Q,-6.3711777010639405,-7.435679403223664,-5.179118866777719,-0.3567828259257373,-6.080468087297608,-3.747766876980342,-4.7331391252866375,-5.166021563108116,-7.643856189774725,-3.905566686124981
R,-3.69069603404765,-1.6327526004830777,-1.8529977838075344,,-2.5797845068479073,-3.6324605732326307,-0.941922731094629,-5.26976343725037,-7.601303565669879,0.4284375606807438
S,1.9026900641880986,2.416065893848348,-1.0360205474331006,1.6789366697642554,5.754410339390803,,1.216780169198001,-1.1506681643160521,-5.820098263073559,-0.6406437142898183
T,0.6294614413924657,-3.2358830655232698,-0.20589897699193027,0.6287191014428317,-0.5252560246140521,8.19516617277592,-3.02373858678227,-1.7630645336228472,-4.582542375937715,-2.0252752620118435
V,-2.6507297842772815,-3.8806751138155757,2.1440705637608115,-4.050898605547161,-6.633506081370237,-3.944217540633343,-3.457374922621326,-2.550794977513462,-1.530852035839677,1.1330528984413415
W,-2.7088700081993653,2.435021368306489,-1.8072265449132092,-5.2392924569362584,-6.170999276381399,-7.632403422325758,0.8911108391864264,5.542685484668601,-3.609764034550949,5.037199675635146
Y,5.994964142282088,6.325406091506435,3.6613578204708563,0.8558215326649727,-5.80219089222601,-5.997401144223559,,,-0.5274201382851325,
