,Pos_92 (W),Pos_28 (H),Pos_55 (E),Pos_52 (T),Pos_32 (W),Pos_27 (D),Pos_49 (S),Pos_53 (S),Pos_96 (R),Pos_30 (N)
A,-3.565097592129815,-5.434391320056804,4.360550783718823,-3.8493645599236412,-2.629850621076976,-4.815551037381285,-3.561731126545874,-2.7434250631092114,-2.961099962465019,-5.389202775341484
C,-6.436280318240637,-7.638923672991428,-8.564888661487913,-5.5968752840391796,-6.296232157832273,-7.643856189774725,-5.368323522438849,-5.627569046416243,-7.147375521072981,-7.583521386296747
D,-0.2517356429828195,1.3002976329558633,0.8768882185780731,-2.7099273703428706,-2.6667923324027654,,-4.187069624945235,-1.2665954751063149,-4.00900648394755,1.7062143971459545
E,-6.2894069310239376,-3.9110176892904813,,-5.508262837283288,-6.233223848551573,2.7928796875016757,-4.47262827255401,-1.4003756011171111,-2.3535038508706942,-2.795711556248251
F,-0.3742484293217485,-4.453935547181784,-2.369140479970937,-3.6072007636094883,1.4310270765426212,-7.61768274282681,-2.65464882503981,-2.9964096989531224,-1.4668116791058183,-6.779558052580565
G,-0.6975579061989117,-0.07869865444799884,-4.694140196702482,-6.20528687995297,-4.729112108532583,-3.325880643160292,0.13159974710082792,-3.8780189537275667,-4.144301200717534,2.747722065531655
H,-2.6158535615855922,,0.10521187868340677,-5.9311230212361945,-4.790645181205401,-4.7303176154667455,-2.8889295220897946,-1.1331418942008264,-2.535259134277978,-1.2722755282716331
I,-5.385116251862146,-3.9083170977874047,-5.173066157587458,-5.019209249847583,-6.698839673174247,-7.301792257111384,-6.175936953328903,-4.452377783740152,-3.6171806291685002,-6.411214562205796
K,-5.0522793951853044,-5.375352011351886,-2.483761834586389,-1.4011284130243704,-7.118425059686289,-1.8669626519271216,-1.5444350759985896,2.609592961680246,-1.6036768489153608,1.2988792866257028
L,-2.1416628940685487,-2.0531111800965407,-6.557934210413833,-5.553811579615057,-4.479765262635199,-8.221192342271104,-6.374268308532718,-5.805047993430098,1.355783245613762,-6.276317845060039
M,-5.036556499611576,-6.4436243947594,-5.956548504189613,-5.600090902341112,-5.504432824732802,-7.5612428378134044,-5.619458171158442,-5.356489149654728,-4.9514621025958645,-6.4364068629629445
N,-1.3482491471691178,2.426864996541188,-3.7901953745727757,3.0070331254555653,-3.3482687674278,0.716173795902247,0.5824958406306905,6.261405080999006,1.4045579799161332,
P,-7.886582031121836,-6.164352490156618,3.1609056408029783,-5.553811579615057,-8.107497246207606,-5.17193727844884,-5.627567943107343,-5.560149573029038,-0.7167544576086577,-6.4985398040057225
Q,-5.380199667377935,-4.529323626131378,4.454494955085664,-4.888068227723858,-6.300602129965133,7.192586201773369,-4.188464233897535,0.16803792513188587,-1.8335784585671813,-3.6905678426341053
R,-4.789315124394643,-3.0900263934591914,-3.4533205901120847,-4.387376804819359,-5.908780621292996,-4.786053757821126,-5.003419162166733,-0.44627053825403884,,-0.29383048761317426
S,-0.4464892332008601,6.001774124824125,-3.7647841457490077,8.788559082457976,-3.2123108980278916,3.937916718835578,,,-1.358660628016889,7.215990678286755
T,-0.4284945737425325,-1.8825209539358316,-4.691040350283503,,-3.818022505276206,-0.4324233408209489,-3.4958109245939815,4.455702720799316,-2.450760278318468,-0.7937887167564354
V,-5.1082944500664595,-6.829216790562388,-4.398877347820664,-4.4192673030080245,-7.083059943801501,-6.911920850021005,-6.5760549748748724,-6.192680482943054,-3.4506145799636596,-6.256354685103032
W,,-6.567532415425972,-7.606520521071476,-6.629193878220587,,-8.616054758738656,-7.547478034523566,-7.2633842646577955,0.442674872723845,-8.539084062312767
Y,6.4607063773392035,-0.8426019658040591,-0.48611766884074026,-5.277487734137301,9.267312318535446,-7.328184947478522,6.131816272918753,-3.041516053380909,1.2432458620948963,-0.6783208618619421
