,Pos_52 (H),Pos_54 (N),Pos_102 (L),Pos_100 (R),Pos_57 (N),Pos_33 (W),Pos_27 (N),Pos_99 (S),Pos_55 (S),Pos_106 (S)
A,-5.610885209896319,-3.570413722202902,-1.3724337604698815,-0.6512425960839151,-2.846526989397753,1.4838391387233827,-5.448099801233962,1.918697664372075,0.28307846806937065,4.882540445928866
C,-7.593802487849914,-7.589688905457354,-3.947548443855667,-7.411035725526421,-7.622602242907994,-6.45253530237091,-7.494089402341545,-5.122164563885557,-5.6355866003696935,-4.5926137677939245
D,0.41446839445261796,4.38940082706096,-2.9542690160539253,-1.3110651435693232,3.4515507670838677,-4.802656650581132,-0.46674465888439554,3.523759213701634,2.1737531805384034,0.21967480369122794
E,-3.9994682170957385,-0.6514051194724843,-5.493114033003546,-0.23670788394532571,0.5340437627335377,-5.4825387761530395,-3.9818721082688566,1.9025120961407165,-2.8374338864668927,-1.631393658847293
F,-2.788249583266782,-6.307289074356131,1.7140565514911896,-5.288023664361219,-6.187939735772728,-0.8369857153093767,3.77837952189628,-4.736423620261181,-1.5084775926660812,-4.171583623622458
G,-3.582447456211195,3.1547962359731865,-3.086776856535142,1.8303921496235076,1.3640260289905584,1.8811597102973603,2.7203355356903867,3.4869488103241935,5.145456411768796,2.9994015398958895
H,,1.1533911123537635,-5.0831061583855845,-1.766077222248571,-1.03535846225332,-5.208116229682246,-3.0014394562941487,0.2438607128965522,-5.104589370597786,-3.062340515092194
I,-2.114429586755942,-3.60158407836641,2.507423989515784,-5.101767409689183,-3.9504781506882334,-5.921658401353809,-5.469661692120795,-4.656107480014387,-5.369871949077944,-4.8760754377627755
K,-2.3177011809203316,2.293625050534205,-4.397966617623765,1.521758815533819,-0.6839595811466761,-7.3180301541702715,-4.601647638006372,-2.59906871758482,-3.8320914841545646,-3.0132929540505295
L,-4.778881263198873,-6.172842685224542,,-1.5355036325897662,-6.625738421927713,-5.059917282092238,-6.121534572468844,-3.200104218160008,-4.5930277759472435,-4.436254820659373
M,-6.106426997856187,-3.0156855914675424,-0.3556506682269873,-3.543746512000726,-6.155878126253329,-5.419072664513327,-6.585576581188057,-4.229797048590656,-5.539754347588186,-5.146088970302615
N,4.84165548211518,,-1.8203298746904282,-1.1455955322223785,,-5.050029940886766,,0.24144621109358622,3.3039518600591586,0.09012437330732492
P,-6.5010281925704,-6.037826193469705,-3.9524013996042324,-1.9482158546099404,-6.063160720841743,-6.795747268829777,-6.590388506393198,-1.5542532621842724,-5.440821303192667,0.6297539950821873
Q,-4.30146782507542,-3.752873381823305,-4.998445459090512,0.05777810418875473,-3.3124488485239114,-6.175584567370715,-4.544205991509757,-1.2805554699966533,-4.008652169131648,-3.4025097431393547
R,2.530466535970826,-0.9689454940125857,-2.646354854831447,,-0.6051767382990391,-6.349689142478626,-4.326699194361076,-1.4682262192301025,-3.2519195488534036,-2.6672275825450003
S,3.4817858760443414,4.395740907902155,-1.0543108850987788,0.6300524113543651,4.940325896525994,-2.454948772767055,-2.0576008957921657,,,
T,-3.163022814617798,-0.8490706562313207,-0.7233146242607998,-0.17335696132492784,2.650787130346662,-1.7698016794142426,-4.332565598906595,1.5912925631588073,2.20296689559442,2.3520663146086447
V,-6.4087110134985625,-5.817487680535693,2.431454801401907,-4.262074774237778,-4.952826288404542,-4.6112184679145845,-6.682081247302739,-2.2090809785199705,-5.293150132226543,-3.43880135203107
W,-0.5723670118036888,-8.467118192545582,-1.6803604989327245,-5.281280697461112,-8.150340904339078,,-8.616188522543537,-5.03568392330787,-7.206671890299697,-1.9604414469492102
Y,5.294018261395512,1.0175543574442178,2.527101499350001,0.003127521391173893,-0.06710836272367393,5.824128758479649,3.281158357177593,-1.1770035675330577,-1.3015215655602463,1.4976851011969887
