,Pos_1,Pos_2,Pos_3,Pos_4,Pos_5,Pos_6,Pos_7,Pos_8,Pos_9,Pos_10,Pos_11,Pos_12,Pos_13,Pos_14,Pos_15,Pos_16,Pos_17,Pos_18,Pos_19,Pos_20,Pos_21,Pos_22,Pos_23,Pos_24,Pos_25,Pos_26,Pos_27,Pos_28,Pos_29,Pos_30,Pos_31,Pos_32,Pos_33,Pos_34,Pos_35,Pos_36,Pos_37,Pos_38,Pos_39,Pos_40,Pos_41,Pos_42,Pos_43,Pos_44,Pos_45,Pos_46,Pos_47,Pos_48,Pos_49,Pos_50,Pos_51,Pos_52,Pos_53,Pos_54,Pos_55,Pos_56,Pos_57,Pos_58,Pos_59,Pos_60,Pos_61,Pos_62,Pos_63,Pos_64,Pos_65,Pos_66,Pos_67,Pos_68,Pos_69,Pos_70,Pos_71,Pos_72,Pos_73,Pos_74,Pos_75,Pos_76,Pos_77,Pos_78,Pos_79,Pos_80,Pos_81,Pos_82,Pos_83,Pos_84,Pos_85,Pos_86,Pos_87,Pos_88,Pos_89,Pos_90,Pos_91,Pos_92,Pos_93,Pos_94,Pos_95,Pos_96,Pos_97,Pos_98,Pos_99,Pos_100,Pos_101,Pos_102,Pos_103,Pos_104,Pos_105,Pos_106,Pos_107,Pos_108,Pos_109,Pos_110,Pos_111,Pos_112,Pos_113,Pos_114,Pos_115,Pos_116,Pos_117
A,-3.5593138919269403,-2.567993690479802,-4.530677551695879,-4.614007746848038,-4.293997321885068,-4.36190668568845,-4.28226634266351,-4.0504963771791305,5.256249959334601,-2.321832861890571,-4.318421687350325,-2.324861150695076,-2.814016891202945,-3.8041903200582445,-4.450671261380384,4.6312472791477965,-3.794787343121788,-4.540959844117483,-4.522064650695989,-4.579114356544092,-4.185488544055337,-4.634067952665225,6.287066304879149,7.868758315789696,-3.99283647403766,-3.8815212176302722,-3.4480998012339623,-1.3138751954368606,-4.566449419549135,-3.205873467089938,-2.38442812842219,-0.8284867345012086,4.483839138723383,-4.223790248312098,-2.1515293876810566,-4.6405949772550095,-4.1418441790926,-4.63896381738354,-4.598508877625114,7.632494624994993,-3.5738501153197895,-3.968956899252326,-4.486654076288932,-1.3833879457218776,-4.643856189774725,-4.460550059185453,-4.560245204214256,-4.58086342601922,4.492876560374153,0.8175770029100141,-4.466333305470153,-3.6108852098963187,0.44783409481518466,-1.5704137222029022,-0.7169215319306294,-1.884910799125517,-0.8465269893977528,1.3360336205682362,-1.755240093851517,-3.648428282385564,7.002191182758684,-0.3905563138316913,-0.7146657436101345,-0.7174692185800913,-4.385329496122735,-3.10929185644984,-4.593659583500484,2.4924354187473416,-0.3450219663415343,-4.558625669348651,-4.079578855748282,4.0912185042248925,-4.340418164680999,-3.1743679842626475,2.525976323456577,-0.5640988248998164,-4.154151490629242,-2.799102083965367,5.816773324425377,-4.485128288014523,-4.638965116642845,-4.404389399118939,-4.624339907055666,-3.4187777443963325,-3.681597696243133,-4.229699667782434,-3.8759766504105397,6.348851657392682,2.3629530429651466,-4.54603046403598,-3.833950710622785,8.57432521817198,-4.270867750683836,-4.64222493834234,-4.640594590180514,-4.598537621978124,7.9863044425495335,-2.729323469432134,0.9186976643720749,0.3487574039160849,0.5676542831996212,-0.3724337604698816,-0.9781318197192586,-0.8858510402921184,0.9518184923527802,3.882540445928866,-3.045966605782114,2.1447172763474565,-2.6970828906632818,-4.640573513483591,-4.4257163783981195,0.32438877076113853,-4.577235183651452,-2.901819583935219,-3.797103959735541,-4.541430368286736,-4.024378918444905
C,-4.544711520734116,-4.588941947618392,-4.643856189774725,-4.5975577348922565,-4.643856189774725,-4.60419498174078,-4.579814787611014,-4.64055594169331,-4.6389116421132055,-4.542212219117078,-4.640577132115083,-4.6422168660055325,-4.643856189774725,-4.640582062218606,-4.642218958925639,-4.624256276881021,-4.632418792683746,-4.642219887397951,-4.64221983171931,-4.637316244133796,-4.585618406496336,8.670349313961946,-4.642220749932621,-4.606491722098899,-4.624316778754114,-4.640590141452969,-4.494089402341545,-4.616183371564933,-4.561679758192518,-4.553399201131659,-4.596786220020781,-3.7459433931458177,-4.45253530237091,-4.56542715098968,-3.1502136986545013,-4.598531265747697,-4.643856189774725,-4.604947529739555,-4.634078732439156,-4.640591674956776,-4.62272473237372,-4.632457006519604,-4.637335752479512,-3.3757871355887348,-4.642225353238419,-4.643856189774725,-4.258082764223917,-4.63733173472754,-4.519133666643703,-2.9393366388269686,-4.621059278253329,-4.593802487849914,-4.349017661967519,-4.589688905457354,-4.6355866003696935,-4.6205583372047165,-4.622602242907994,-4.634056206115389,-4.590000191079199,-4.2994921979611345,-4.579270148763078,-4.640592431939459,-4.63568292303355,-4.632419375555177,-4.640579719943892,-4.643856189774725,-4.640591213209611,-4.586656393602003,-4.643856189774725,-4.534953972402593,-4.643856189774725,-4.637289116670881,-4.643856189774725,-4.643856189774725,-4.613011388085469,-4.643856189774725,-4.640593723537892,-4.637336452315208,-4.608176973822259,-4.47433762131621,-4.643856189774725,-4.643856189774725,-4.643856189774725,-4.465059701030587,-4.6227225893375445,-4.6422253163673135,-4.63896373442866,-4.619476037725451,-4.632454754359288,-4.643856189774725,-4.6227209222310925,-4.640595364237642,-4.604955398349467,-4.596920347979183,-4.574531657092183,8.669819720197276,-4.581879218015528,-4.554793351100101,-4.122164563885557,-4.411035725526421,-4.037410581519958,-2.947548443855667,-3.4643662632550756,-3.905216596098491,-3.9183600004761128,-3.592613767793925,-4.120595698080616,-4.537147350309695,-4.212037366156503,-4.583723098417495,-4.586950673904665,-4.534247570123249,-4.632372426756718,-4.638915170104299,-4.638898615607425,-4.627353396140866,-4.640543932178359
D,-2.164379522567351,-4.526975484266092,-4.55004460820887,-4.643856189774725,-3.740455282589663,-4.489958158107832,-4.640537207535005,-4.369988604217685,-4.5306352044601965,-1.6079062307848204,-4.566169349616019,-4.6291356978207086,-4.637299972271421,-4.6324129607001305,-4.555160259004395,-3.463341588452598,-4.642219497567875,-4.6373165405856955,-4.63731631824929,-4.642219813158921,-4.522259177190821,-4.64222250927667,-4.396312398442353,-4.332607404482899,-4.369747877707064,-3.8379419595855757,-1.4667446588843955,-1.5168519059170433,-4.6065062322420935,-1.0788335743933524,3.5492207517625975,-2.5222564855515675,-0.8026566505811321,-4.632284991712695,-1.3225521710430443,-4.643856189774725,-4.635708034934881,-4.640593686649267,-4.638963319612051,-4.592062052758704,-4.6178701415862315,-2.7547606732725174,-4.592100666873459,-4.3157121699832715,-4.643856189774725,-3.2919267662874834,-4.6389660561024675,-4.634075031297916,-4.624313690838125,-1.1823589013599827,-4.5759987844112056,1.414468394452618,-2.4064769072721552,3.3894008270609604,2.1737531805384034,0.7382382160823816,2.4515507670838677,-3.863107767952237,0.6539360114163574,-4.2835954879630815,-2.3250193805554233,5.784257198376601,-1.7995338544907704,-4.630789239253235,-4.50778655979553,1.1130632269615932,-4.629192801918931,-4.627397357389379,-4.578605566865214,-4.523973291335005,-4.387978722356571,-4.585283764827491,8.515035249989054,2.6147614253949887,-3.708369578988584,-4.466558358056785,-1.8079114053415517,-4.321510123552024,-4.508379701975133,-1.7635149703512858,-4.643856189774725,-1.8234768173542844,-4.643856189774725,-1.823653203226405,-3.9936143465263285,-4.643856189774725,-1.3175198605863272,-3.291444436577094,2.6400524322123613,8.664545009086082,-4.642224892229745,-4.536576094930977,-4.580906066364753,-4.64222493834234,-4.5793145747616695,-4.643856189774725,-4.609441323984384,-4.367405070216774,3.523759213701634,0.6889348564306768,1.7105070359713166,1.0457309839460749,-0.2993851866913518,0.2637527011791893,2.3534319395151893,0.21967480369122794,-4.097203320729017,7.908075708888013,-3.190306589651405,-4.6340193436947175,-4.462488466366324,-4.52792785740613,-4.616045931800158,-4.594822664455299,-4.6158752332738056,-4.630646412575148,-4.622394170604788
E,6.4891271305181935,-3.2176875343419145,-3.9935900171851526,-4.638859957417518,-0.08380224538512356,7.16320726816459,-4.533099063018559,-4.011776301632033,-4.50379637588075,5.769058018109094,-4.528096477311032,-3.79482612949629,-3.636154085354741,-4.642218661591924,-3.9014301770940274,2.4644517267691675,-4.643856189774725,-4.629162767464591,-4.317642167873218,-4.643856189774725,-4.643856189774725,-4.638957920587952,-2.6038829572827655,-4.619433251743753,-4.569663038800523,-3.5928489357043953,-3.9818721082688566,-3.879571023708085,-4.6308099917689605,-3.9410196608398147,-2.4069513489316865,-4.283025363615469,-2.4825387761530395,-4.640545395408218,-2.649889610540831,-4.6405949772550095,-4.630830163941804,-4.63896381738354,-4.395331109003971,-4.4542433819117315,-4.6146382794191725,0.18992033740208694,-2.666021426027937,-4.091648222195387,-4.627589155580916,8.585524375476115,-4.637337851536017,-4.634075031297916,-4.601680147985689,1.9886308669756527,-4.6129609780313965,-3.9994682170957385,-3.8671073717837263,-0.6514051194724843,-2.8374338864668927,-2.779740012145321,0.5340437627335377,-3.132583021191228,-0.7816308637942112,-4.614613767606003,-4.249208620638093,2.7956146609075905,-3.5980478479195446,-4.598378435501607,-1.5177326413477243,-3.849215144969428,-4.428332197211249,-4.640556903974991,-4.593158837910952,-4.637335126183367,-4.609796497636744,-3.3766906059608055,-1.6622156524114153,0.7924866574987823,-4.588891021569688,-3.1947104941582887,-3.9752454967623585,-4.3200511979328855,-4.637336157665858,-4.51774454878119,-4.643856189774725,4.907364362435025,-4.642224781548877,-4.588884245450705,-4.538129535566428,-4.629211407945458,-4.245089046453625,-4.509906774409631,7.766973423891466,-4.339178028362716,-4.637336525973384,-4.630834940160143,-3.8811321532837173,-4.643856189774725,-4.643856189774725,-4.638966442833894,-4.284688774545425,-4.29089304669917,1.9025120961407165,-0.23670788394532571,-1.6231077654750228,-2.493114033003546,-2.7305071726305394,-1.6592792352114623,-2.0535335079686003,-1.631393658847293,-3.963476007806609,-1.8449829225297694,-4.350916251822748,-4.63565649093815,-4.643856189774725,-4.344499864992158,-4.629099728942822,-4.538650551239457,-3.7725425968821895,-4.643856189774725,-4.6322798850519105
F,-4.628246604668457,-4.351716719778755,-4.590815046691794,-4.480232308128758,-4.587695928836272,-4.6421927092398905,-4.412610552961011,-4.643856189774725,-4.642207065572557,-4.6225868167304025,-4.270461304274167,-4.31415609549458,-4.643856189774725,-4.571072261999475,-4.63567930973661,-4.6356733732955675,-4.5488455329009385,-4.60968721121401,-4.408221722906341,-4.509537029227346,-4.432791158632937,-4.6178276535748095,-4.608088918918189,-1.4426527938674276,-3.5378348558904227,-4.638958502593737,6.77837952189628,-4.3546199847040326,7.872005303841794,-4.435003141055158,-4.056595327965538,0.18819208430246656,-1.8369857153093767,-2.784733399903553,-3.1727800689733208,-4.549166868959898,-3.4533769249970785,-4.643856189774725,-4.625956084485503,-2.6143894268654915,-4.634083975527134,-4.643856189774725,-4.642224698528371,-4.643856189774725,-3.5705654106401847,-4.643856189774725,-4.044928344763471,-4.560167783126454,-4.635697390484234,0.08575604225288169,-2.2112224452895863,-1.7882495832667817,-2.5974135010559647,-3.3072890743561305,0.4915224073339189,-4.153338806859433,-3.1879397357727286,-4.301747425000993,-0.770421366011583,-1.3687572641439736,-4.603320817149087,-4.596889260476498,-4.081899909890102,5.8634952962326565,-4.643856189774725,-4.634070940212448,-4.643856189774725,6.593609825303164,-4.410983489989887,0.642962308160934,-4.212750054828731,-4.163481566978436,-4.621091396321996,-4.204158943863262,-3.9201236233341543,-4.5570124653275945,-4.209779480317429,-4.288140061161049,2.017808801767064,1.476791206427854,-3.257252080783208,-4.571338534573953,-3.584911281010482,-4.558614741744045,-4.4913234727490545,-4.619489351895719,-4.634079560669159,-3.434892390117568,-4.643856189774725,-4.643856189774725,-4.488217905391154,-4.640595364237642,-3.7037888712999565,-3.206259351948695,2.7487624509786093,-4.604968287246906,-4.617598185852112,-3.961581157880252,-2.736423620261181,-2.2880236643612193,-2.4987398440251116,1.7140565514911896,0.9867617326393214,1.871070488884943,-2.0166916628467244,-2.1715836236224577,6.577890434436596,-4.1912669840459165,-0.15861666741339278,-4.5789019269789994,-4.620959133762799,-4.640572261893866,-4.637288444009723,-4.581886574274554,-4.6076969162944446,-4.614218784512331,-4.609265684623177
G,-3.8138377124637937,-4.240038501148461,-4.623851325214513,-4.620614101235489,-4.627224694757801,-4.529668538013481,-4.630603105905536,8.650874428173267,6.609427441585303,7.0412055329495455,-4.614477964798973,-4.455036412600919,-4.604740496993124,-4.621014935352463,8.203506146469303,5.839790949007569,-4.446142910671917,-4.621031971033469,-4.5425363138580925,-4.614542466747977,-4.6422225000268735,-4.6178276535748095,-3.9326694355702867,-0.7292963202745264,-4.614596469462648,8.591371505445345,2.7203355356903867,-4.23293315167448,-4.163183080864005,-2.1046913906120013,0.9566896833114168,-3.6878215683533284,3.8811597102973603,-4.567039533168623,1.0777696584627872,-4.621104730798993,-4.613014858577831,-4.624336276234942,-4.629202400259388,-4.076366500408959,-4.63245848602627,8.462204371296338,-4.114541618722484,8.358855982118621,-4.640595437938208,-4.584113458991642,-4.485158851010692,-4.638961465905411,7.271749728660491,2.396396648782079,-4.598441069764895,-1.5824474562111954,1.8965463932217927,3.1547962359731865,5.145456411768796,7.125503951521254,1.3640260289905584,-4.052692957899924,-0.9796360515005276,-4.625950631411552,-2.1299997468815817,-2.3221509389912147,-2.4154817665664923,-4.603216907899345,-4.269297913100811,7.864626527653131,-4.451160010257655,-3.606847269339303,-4.5802189768546775,-4.560210708902998,-4.601745963461928,-3.6791092381109545,-4.180353910806464,-4.229496711071386,-3.43925655546639,-4.163671667067934,-3.3503105105680513,-4.616248475911154,-3.8487382834236836,-4.613018328289311,-4.643856189774725,-4.474319929594794,-4.587298697396735,-3.8609552354483645,-2.25690327066965,-4.629211407945458,-3.025271303674252,-3.8411525172505314,-3.1491171537011575,-4.522474590123401,-4.638965061369273,-0.6135063362219241,-4.609789412394404,-4.643856189774725,-4.621102039519214,-4.635711209060965,-2.2058527637906464,-2.9427015805967764,3.4869488103241935,3.8303921496235076,6.01778673760474,0.9132231434648581,0.22310797135846402,1.8101835525341545,5.87018493071852,2.9994015398958895,-2.456135853503728,-1.8078189468184438,-4.037584397051186,-4.543790687675285,8.659025041250846,-4.526350089629977,8.665249891071673,-4.602937271529683,-4.606064030887249,-4.554237056229601,-4.630629912122444
H,-4.334139242028427,-4.6321200620701015,-2.9992996186543235,-4.635533935652863,-4.450338904888037,-4.60419498174078,-4.642196221438519,-4.643856189774725,-4.583457733502973,-4.570889830822411,-4.635665522122111,-4.640578473083282,-3.9798543828412374,-4.624266922219153,-4.643856189774725,-4.564647979149635,-4.643856189774725,-4.608070166359105,-4.6242808766891494,-4.638949841388394,-4.637326973371303,-4.643856189774725,-4.621043958194353,-4.632433088254619,-4.558538169976591,-4.601683230272865,-4.001439456294149,-4.563211555707186,-4.619442757411692,-4.1448325312908265,-1.851915053947734,0.6973493209534928,-3.208116229682246,-4.627340076850853,5.402366435805823,-4.643856189774725,-4.64059416613634,-4.58888917370292,-3.8784223370353486,-3.0208035305063863,-1.867286597353637,-4.64222497523054,-2.4376652646533192,-4.622722946540426,-4.63408496832074,-4.624344306240018,-4.571360399907353,-4.64222369238651,-4.643856189774725,-1.589974060322427,-4.629180371613655,-1.2923043440577555,-1.997191170260159,0.15339111235376338,-4.104589370597786,-3.8108085763436272,-2.03535846225332,-4.427989546779778,0.8828377903996856,-2.8918765390073373,-4.1733128699819275,-4.048454687840428,-4.42939912406099,-4.566327653232645,-4.2924241721673155,-4.335806302868287,-3.5863369576042885,-4.643856189774725,-4.391265969288177,-4.63896401093399,-4.62920992120112,-4.593348069155644,-4.256420110208981,-4.519273840122089,-4.542822418129882,-4.62270924511736,-4.295285532258601,-3.804515351849187,-4.561809431246767,-3.378850274201204,-4.637336599629896,-2.6130876888527124,-4.642224781548877,-3.637156473918437,-4.4406988733367765,-4.6422253163673135,-4.569735135633962,-4.485082858385335,-4.6292054591563305,-4.635711714852532,-4.640594516441621,-4.643856189774725,-4.632455848376867,-4.550735793842973,-3.8811814274283156,-4.643856189774725,-4.52753249382418,-3.8132223225066375,1.2438607128965522,-1.766077222248571,-2.3630858616056365,-2.0831061583855845,-0.49647415648742416,-0.8056048976737207,-1.8005707763992318,-2.062340515092194,-4.1471408192813435,-3.29522080307632,-0.8326101367620877,-4.6340193436947175,-4.642214646329712,-3.0444045537540947,-4.643856189774725,-4.622505946614861,-4.599541714342593,-4.642201656530363,-4.627332794115595
I,-4.607564322390249,-0.8802810701152619,-4.559777103292489,-4.568182002399636,-4.448779571688727,-4.6421927092398905,-4.637222038640306,-4.642205593889808,-4.632332064922962,-4.62911455600112,-3.157739179665486,-3.0260628469496154,-4.632392566901539,-4.603194228466879,-4.642218958925639,-4.638943715689412,-4.5425159772504085,-4.459976859208941,-4.369265817996797,2.1107844700575167,-4.416131641384322,-4.64222250927667,-2.9946188521387955,-2.9052300958691077,-4.608134407845553,-4.625938501566186,-2.4696616921207952,-1.0973223094366993,2.5798104469977847,-2.4567816812339642,-3.3143695880269166,-4.3178747211172075,-2.9216584013538087,4.509148016900902,-3.382117104159263,-4.643856189774725,3.040068744091115,-4.514589419524299,-4.642224310987587,-4.244865599940013,-4.527151654026662,-4.509951184640609,-4.6389644809213335,-4.587307881760622,-4.539723710342059,-4.643856189774725,-4.6389660561024675,4.629760074547554,-4.616209886419556,0.15388519993143449,8.420997281160327,0.8855704132440582,-3.1586337188987748,-0.6015840783664099,-3.369871949077944,-3.1511920105577467,-0.9504781506882334,1.2666261971993578,-1.9389353345852112,-4.286479292192718,-4.141583440252323,-4.606544031795818,-3.934817738723185,-3.7012181831579745,-3.5281362224599855,-4.484949039450991,-4.642223239679765,-1.273726661117062,-1.9060656206779834,7.658089769081425,-3.862544525910031,-1.34795893606303,-4.632451342250454,-3.3954656389192452,-4.5633829536439,0.8477409223884772,-4.367045432252761,-2.1932494487125926,-3.6896815426885627,-4.553895307582834,-2.173811011265569,-4.3789684813737555,0.260826919032344,-3.7703069978476673,-4.494420365390791,-4.5523370059120065,-4.311231371152549,-3.8386818950478503,-4.634080775152712,-4.643856189774725,-4.553894806681201,-4.622726398879175,0.8683268914566203,-4.627585027615191,-4.62434166696743,-4.643856189774725,-4.300745603288193,-3.530627166938708,-2.656107480014387,-2.1017674096891827,-1.9192477067159048,0.5074239895157843,-1.8796755927910243,-0.6892711039043153,-3.3963166725546032,-2.8760754377627755,-0.9911461745967753,-4.380318786116318,1.0143855609510357,-4.642214384796132,-4.643856189774725,-4.630742843951691,-4.640570448198828,-3.23892196069234,-4.493999070438282,-3.791701198279088,-1.4886059800001594
K,-4.2830452154303185,-4.546400452570901,-0.6423760844119948,-4.6421898175500145,-0.2335770908862453,-4.60419498174078,-4.643856189774725,-4.638907232106783,-4.637265340706732,-4.462473459818082,-4.598285059206028,5.075774334176636,6.9836886894817125,-4.638946390601722,-3.879985429795756,-3.8050182761215745,-4.640583733222684,-4.587130636791453,5.9819303096783605,-4.640584364047087,-4.624312698086413,-4.643856189774725,5.683486163233728,-4.643856189774725,-4.637328339742238,-3.1033157435536554,-4.601647638006372,-3.9507225216167012,-4.64058910598559,-0.9679500842287424,-1.0720573630416428,-4.083677873949076,-4.3180301541702715,-4.5978472410738584,-4.334663965335051,-4.643856189774725,-4.643856189774725,1.9958545655986204,-3.23673040033691,-3.183499219002983,-4.6178701415862315,-4.407429537429329,7.468893688537097,-2.780369728813028,-4.643856189774725,-2.4801761567199443,-4.643856189774725,-4.63733173472754,-4.643856189774725,-3.8855467716399286,-4.621059278253329,-1.3177011809203318,-3.7131776443084217,2.293625050534205,-3.8320914841545646,-3.542053948059947,-0.6839595811466761,2.348186822120822,1.9945520955031206,-4.5160996093166,-3.9594903887507518,-4.084545257785107,5.03077859849607,-4.616159308282995,7.572669093581958,-4.192597717649156,2.0605606747016494,-4.627397357389379,-3.9479671585256297,-4.632453981985158,-4.549168449110347,0.6051170997252474,-3.2658466368831096,3.092822010980035,-4.632453917615924,6.958847583379136,-2.7131004178717344,-4.416449913057957,-4.637336157665858,-4.629207690518519,-4.638965116642845,2.4348886843676305,-4.642224781548877,-2.7221671341259985,-3.9483860477474595,-4.643856189774725,3.303138727141971,-4.57451034539737,-4.577708293198756,-4.622728184129071,-4.6211015268223035,-4.643856189774725,-4.124098624332574,-4.643856189774725,-4.638965171915168,-4.643856189774725,-4.191589277186976,2.1836038065831187,-2.59906871758482,-0.4782411844661809,-2.982541745415058,-2.397966617623765,-3.4568025526011916,-3.5005231014729197,-3.6623913607287726,-3.0132929540505295,-4.324329505355059,-4.369653530956786,-4.35691302236125,-4.643856189774725,-4.643856189774725,-0.8581491738500356,-4.622565448290138,-4.609445428302142,-4.428791494030367,-4.643856189774725,-4.607628816003601
L,-4.29380799444965,-1.551678277506756,-4.096902155501576,8.614858397336503,1.711113957171121,-4.610767439995071,-4.617410617469448,-4.642205593889808,-4.560929965973623,-4.632383971994153,7.319668504725106,-1.647521776149664,-4.52019374711447,-4.323278604259995,-4.542483195536787,-4.61937703112657,-4.266853750973127,7.363189153662657,-4.609686055071996,7.400705170438707,-4.600068024791213,-4.640589753229628,-4.415897012297867,-4.323813381222405,-4.555367498432266,-4.627562792355409,-3.121534572468844,-4.009197146385295,2.0487731019468227,-3.8723901897789603,-3.841834341053032,-3.307692639059363,-3.0599172820922376,-0.6725956791335963,-4.059435919577664,-4.619486470679975,-2.9838653106234947,-4.622715561892778,-3.3658732735266104,-4.363913735108777,-4.211354406860702,-4.601741471822353,-4.48510907096074,-4.635709691309258,8.594725982624727,-4.611409303403437,-3.2453809717794044,1.095310070036886,-4.603290954930881,-0.8749163104024212,-2.459408617756981,-1.778881263198873,0.016768793585113895,-3.172842685224542,-2.593027775947243,-4.243542331596685,-3.6257384219277133,-4.07813193049322,-3.033545704531538,-3.743652681036063,-3.773680572628802,-4.018062963273332,-4.528337890277521,3.4855992119245456,-4.28662520709106,-4.627565828014084,-4.527015039180966,0.7131282654259722,-4.486538530940937,2.36097215457416,-3.965150362002911,-0.28007752110298767,-4.503659069307391,-4.499023219254881,-2.1266634211395674,-4.01811071324438,-4.6373349419557215,-3.810621353666054,5.618959782770794,-4.327358299586024,7.6168766807543555,-4.205627471267431,6.253847006631801,-3.8337070303243244,-4.6227225893375445,8.226259841245199,-4.608169351535372,-4.245082725942592,-4.5824972969843305,-4.638966746651391,-4.603347905812154,-4.6422253163673135,-0.29409799371751216,-4.622721517656446,-4.53026930899944,-4.638966442833894,-4.337574162866122,-3.6478494212096244,-1.2001042181600077,0.46449636741023376,-1.6337347129062976,3.304502896070842,0.4632217886462232,0.16228653231177473,-2.6614054741719997,-2.4362548206593737,3.4976340682008904,-3.721326626163753,0.3311688160941031,-4.57248620387259,-4.642214646329712,-3.9428320591551436,-4.63564884078016,-3.939450518799938,7.257497250720628,0.30362120641640944,-4.589684282746523
M,-4.597278510347182,-3.038875553295873,-4.096902155501576,-4.177020010384339,-4.24564751955926,-4.643856189774725,-4.643856189774725,-4.642205593889808,-4.643856189774725,-4.598238484697372,-3.069898256847821,-3.2782642299186713,-4.22743407942449,-4.642218661591924,-4.63894728159193,-4.131636370250116,-4.640583733222684,-1.7651516824109645,-4.373733980891095,-1.2872602377282163,-4.630812498279986,-4.643856189774725,-4.506490800172207,-4.621055031895927,-4.643856189774725,-4.6308141196268995,-4.585576581188057,-4.287347178289325,-4.098873342947181,-4.109166453820941,-4.117307403346862,-4.541032615035535,-4.419072664513327,7.1915644400783005,-4.32583721131781,-4.643856189774725,-3.256112293826213,-4.519275219573959,-4.643856189774725,-1.31170015142203,-4.643856189774725,-4.640594682349442,-4.320018282711547,-4.638965531154819,-4.3880091782436015,-4.614637621920712,-4.617870726657957,4.725622657896117,-4.6422225832712725,-2.464827037343644,-2.187399158122238,-4.106426997856187,-4.322911558077532,-1.0156855914675424,-4.539754347588186,-4.459400686360169,-4.155878126253329,-4.254186636128866,-4.197556205187791,-4.625950631411552,-4.564935388968962,-4.632449152274933,-4.2057766811069275,-3.8840122606238663,-2.9681719150203945,-4.642223008610194,-4.592054788032149,-4.3431695903736145,-4.541743974052651,2.6679451760962873,-4.640595032543866,-4.2424807007177305,-4.640593059414975,-3.589262255616091,-4.614626604420811,-3.8720350653867146,-4.614625946396783,-3.1144909676666885,-4.133651706562645,-4.637336562801848,5.138291734418267,-4.469707216061813,6.622946530982954,-4.57769534480913,-4.637337041534022,-1.7597726673447485,-4.580892329088549,-4.492817414987482,-4.600125296618475,-4.643856189774725,-3.679195874345714,-4.6422253163673135,0.8369971209816512,-4.643856189774725,-4.643856189774725,-4.643856189774725,-4.397495432947091,-4.350397486425972,-3.229797048590657,-2.543746512000726,-3.5296998996864604,-2.3556506682269873,-3.4744821525466434,-2.71914159945747,-3.8096746756012343,-4.146088970302615,4.152871075327326,-4.627180383331229,-3.172332942709124,-4.620955499168288,-4.6405740362533985,-4.63565336729243,-4.642212851281509,-4.614336197451705,2.2935168438376676,-4.633943191533095,-4.552520688000357
N,-4.556498054967346,-4.6388205744178075,-4.066613693374863,-4.643856189774725,-4.628883536979976,-4.628919277560897,-4.642196221438519,-4.643856189774725,-4.607791417896394,-4.33723688266218,-4.548656900125959,-4.540773149356457,-3.8774067677623254,-4.640582062218606,-4.642218958925639,-4.308485642205988,-4.547261841805614,-4.635683941591288,-4.275557072162087,-4.643856189774725,-4.533247086416802,-4.635697021346973,-4.118820908843753,-4.629177634117751,-4.520718146817322,-4.266112482349847,-4.021140407347884,-0.04360035486109472,-4.545837590721341,1.5418165868601346,3.8868991845332257,0.3879757680586879,-1.0500299408867662,-4.568652816865169,4.535003388398116,-4.643856189774725,-4.624339136994447,-4.471218378074378,-4.63570600956237,-4.195510876793999,-4.304113140370287,-4.632457006519604,-2.5570972309938926,-3.9806295236575435,-4.643856189774725,-4.600138548539558,-4.640595179971653,-4.63733173472754,-4.6422225832712725,-0.8949298550224971,-4.441841523861618,3.84165548211518,-2.000094400937883,2.1459342223091156,2.3039518600591586,2.6246617068419176,4.374881285320083,-3.252286104156502,3.7800060701019182,-3.557366641690468,4.740521970849503,-3.3897960625470454,-0.2787404454553207,-4.643856189774725,-3.387955737206643,-2.300224059412059,-4.617839241658244,-4.643856189774725,-3.9609592830743487,-4.627581081156683,-2.808818898659401,-4.622567623312833,-3.331392055566757,5.433404567913911,-3.7643779675687004,-2.9750487295780474,6.915972577494856,-3.9805658573023672,-4.613016420044615,-3.963768619156359,-4.630831707410827,-3.3966908788153387,-4.642224781548877,6.445199655798565,1.3338534933682167,-4.640595364237642,-4.352247054399249,-2.6839269022909273,-3.943121227076803,-4.496008363390816,-4.627584568823004,-4.643856189774725,-4.604955398349467,-4.640594608614717,-4.603348815726509,-4.640595437938208,-3.790870088389347,-3.3725886115913295,-0.7585537889064138,-1.1455955322223785,2.0015608814985715,1.1796701253095718,-1.0232768337060716,-1.5580144785343013,-0.11491319167686975,-0.9098756266926751,-4.1575302355032075,-1.3190504180455782,-2.5465766108449936,-4.638933574775783,-4.6307499172592,-4.331201614957368,-4.642212851281509,-4.524381325644328,-4.627363960702921,-4.643856189774725,-4.570234872785598
P,-4.571723262655764,-4.507680414351804,-4.517838024522164,-4.564936416939234,-4.6073926211610985,-4.627264383717374,-2.186970756667216,-4.64055594169331,3.8172619370025944,-4.524826299612888,-4.545484206480389,-4.640578473083282,-4.427378086737129,8.62987551924522,-4.384054194537502,-4.575831180257209,-1.7008464941262464,-4.579117261865449,-4.572720155454564,-4.608068552317187,-4.038720049846343,-4.64222250927667,-4.598410668971475,-4.313587448147406,-4.260414873612284,-4.619450466718769,-4.590388506393198,-2.746302895177506,-4.585607302505432,-3.534973512563997,-3.844314008177489,-4.180933723849353,-2.795747268829777,-4.633935181679311,-4.634032739714935,-4.643856189774725,-4.634081161516023,-4.625957901438798,-4.616238994134634,2.3388361637068176,8.528174500476924,-4.635709323284263,-4.561804398596713,-4.159817513379204,-1.7652225807763526,-4.643856189774725,-4.635710565235375,-4.634075031297916,-4.629186920866766,-4.612931001733933,-4.642221852280716,-4.5010281925704,5.878981529716675,-4.037826193469705,-4.440821303192667,-4.467248334453705,-4.063160720841743,0.08534728816950611,-4.382593567255305,-4.52078977628197,-0.37779621529315344,3.5868828327340263,-0.1428020060738076,-4.587120119755962,-4.595095564703917,-4.579239412115185,-4.608143049719707,-4.617566934791788,-4.617578606563568,-4.627581081156683,-4.550747710845827,-3.3597890711529943,-4.6275773164710845,-4.061965796112331,-2.7876444093943777,-4.405788349499129,-4.454358611688379,-4.621101270465184,-4.545991841286827,-4.630831633920597,-4.603348360774442,-4.6405941845753365,-4.62271949307335,-4.383377708578453,-4.542852174527299,-2.130199944856884,-4.637334757717666,0.39193057979235874,-4.635707712783864,-4.643856189774725,-4.619483039772694,-4.629211407945458,-4.635708495106434,-4.643856189774725,-4.634082430780465,-4.642225353238419,-4.617598185852112,-4.25786000020453,-0.5542532621842724,0.05178414539005966,-0.4218262089284163,-0.9524013996042324,-1.6668798052354983,-1.5349949228846218,-1.726221415258842,1.6297539950821873,-3.0795408641870345,-1.8602385072755618,-0.47363334453906486,-4.627480027981952,-4.637295611965443,-1.0172949078784255,-4.564413414823774,-4.514907561803059,-3.046600899351728,-4.642201656530363,-4.558949633886387
Q,6.740433140548113,-1.5396222885631374,8.36310218546374,-4.625578812329557,4.236471361238352,6.124806071183804,-4.628950742422909,-4.638907232106783,-4.637265340706732,-3.8319346784237953,-4.570963976947029,-3.6833799593108583,5.7768062328991086,-4.629151785039862,-4.6340467107422025,1.2873030223213968,-4.637314983913317,-4.4446604511050065,-4.303060622378352,-4.643856189774725,-4.643856189774725,-4.635697021346973,-3.312638434361282,-4.643856189774725,-4.577635716862932,-4.210742640587774,-4.544205991509757,-4.558443812125359,-4.64058910598559,-4.000797582730775,-4.064616841625163,-3.9869872075721764,-4.175584567370715,-4.612555976727416,-2.585692243830241,-4.6405949772550095,-4.643856189774725,-3.1113219525814007,8.607977857737227,-4.596878449243995,-4.440718838823516,-4.592109368867039,5.103521996985717,-4.342043709556941,-4.603359276804223,-2.9943151295926174,-4.637337851536017,-4.64222369238651,-4.640589901135117,-2.9302865850445214,-4.643856189774725,-4.30146782507542,-2.9373282611945655,-3.752873381823305,-4.008652169131648,-4.342671808945581,-3.3124488485239114,-3.73971226639032,-3.517952375254848,-4.494312406320135,-4.3403529668726115,4.425749495955915,-3.3160726750318092,-4.625904348866034,4.4426821983543086,-4.58243611323018,-1.403451573278519,-4.643856189774725,-4.540151929252454,-4.619477822943051,-4.637337557013128,-4.431609979377527,-4.47118614287263,-4.194365145694187,-4.637335089338671,-2.0143606680778827,-4.514590849675878,3.0589795697958753,-4.5665716665316705,-4.606567931965755,-4.632456556158724,7.013722794888364,-4.62758346761619,-4.541234344151572,-4.629208764635695,-4.609799943445852,-1.8041977369191395,-4.572917316149736,-4.266535062242199,-4.6243479340743665,-4.643856189774725,-4.6422253163673135,-4.584101086104315,-4.64222493834234,-4.643856189774725,-4.643856189774725,-4.614332673496617,-3.7138546395850094,-1.2805554699966533,-0.9422218958112453,-2.7760227665025035,-2.998445459090512,-3.048919207577362,-2.579526670634225,-3.4849568868511738,-3.4025097431393547,-4.001256803448339,-2.573876824400053,-4.209184258749931,-4.632383124828802,-4.629115811162062,8.079477013406834,-4.640570448198828,-4.602937271529683,-2.8032790935448206,-4.643856189774725,-4.5637807611460905
R,-4.219298226709175,-4.607130817470521,-3.2204299323293752,-4.576311974084461,-2.972915979798624,-4.502606117131053,-4.6256488515059955,-4.37600111965242,-4.521134144649924,-1.6320900579977986,-4.490519443029579,-3.1562553514513723,0.1690200604387518,-4.52984128127728,-4.520431478831135,1.8973686357563946,-4.598376131361098,-3.3883868926436302,6.250484726664838,-4.5967740367143675,-4.624312698086413,-4.622690152686658,-2.200277493678798,-4.638955036233621,-4.635698682201655,-3.5758720093347884,-4.326699194361076,-3.1107178684786536,-4.5347996009495475,-0.902152899535622,-0.5746222609275453,-3.631999002098473,-3.349689142478626,-4.571882092847482,-4.240449424604789,-4.6146371287774475,-4.643856189774725,8.373780652805271,-3.2995547926268176,0.7032547639196298,-3.7586738138142004,-3.7875330627838437,-1.1952363075978616,-0.14444817662003265,-3.8701055114179166,-4.533423191181304,-4.402958420428665,-4.64222369238651,-4.6049026616325515,2.4338085600963044,-4.601661407470999,2.530466535970826,-2.6415153084839287,-0.9689454940125857,-2.2519195488534036,-2.058276323670134,-0.6051767382990391,-2.32404521239913,-0.24045095481447684,-4.606543192636976,-3.2343731291756606,-2.1609672016067742,-1.9895162646326785,-4.571112633155103,-0.38227379539234096,-3.4254566072131354,8.2992251505504,-4.540106478575073,-3.4601494084699422,-4.643856189774725,-4.445279773581346,6.753987557618208,-4.451265474540608,-2.341058078277544,-4.530242218214702,-1.7703240984028341,-2.6217762133736606,-4.0620999070531445,-4.637336157665858,-3.816752504758007,-4.643856189774725,-2.2190404470618916,-4.637336083999358,1.1972637877458374,0.2827557739084155,-4.595326567576652,7.063847716639108,-4.549126820881406,-4.622717825478348,-4.642225454625361,-4.5286984466064855,-4.630834940160143,-4.044790701244196,-4.64222493834234,-4.5793145747616695,-4.63083523396687,-4.562580921818557,8.022979603797193,-0.46822621923010255,4.123105236434806,-0.6781815967641728,-0.6463548548314468,-0.05464796709964726,-1.028678720084084,-1.2742176994850858,-1.6672275825450005,-3.5775898791334773,-3.4779980062257447,-3.7464550099664304,-4.471728556405801,-4.609578384715045,1.275773148333943,-4.535771071288271,-4.620870145175403,-3.981715802236914,-4.642201656530363,-4.594567189141194
S,-4.504662204759647,-4.514097778409824,-1.5362955672131962,-4.609062888482101,-4.183837955935037,-4.587829037397649,8.579850656872607,-4.612655200779541,-1.8512945457681738,-3.4920956923258792,-4.213376414479628,-4.547109063720512,-4.394080097708365,-3.229864847149457,2.8704946659659774,2.004712863199283,8.14513098745419,-4.6373165405856955,2.9734947438445882,-4.640584364047087,8.121112856628766,-4.606513588152325,-0.763844185719196,-2.587708737458918,8.567303028314228,-4.231913177366643,-3.0576008957921657,4.49009232658025,-3.9115840475546118,6.762101431732867,5.914833529969776,0.6070685832296832,0.545051227232945,-4.589708004294947,4.835012392833139,-4.638965752199144,-4.630830163941804,-4.587288242594237,-4.63570600956237,0.795208261656287,-2.4510695537751817,-3.3133370778635056,-4.519291770613579,-1.505033388300198,-4.643856189774725,-4.642225150426707,-4.248109206633807,-4.6291968579238105,3.271521258244682,1.318089144682054,-3.8264705825240193,4.481785876044341,3.4726332678695986,3.3957409079021557,4.90157892567834,3.3752743571692,3.9403258965259944,-0.9580067849578413,0.6907344292823444,-2.8954375404550086,1.82502900534397,-0.0572418912245694,6.790554291687982,-4.49393456110635,-4.260673130618581,3.1858666276773797,-4.463409095056026,-4.096709537306032,0.48720171163378306,-4.516155453785892,7.336713388599889,-2.2129487939597423,-2.0079906561302883,-2.8728934353838302,8.132001619477608,2.5070688551117497,5.81929652001381,2.154982835119511,-4.143239230548767,2.7354337078298205,-4.625962643967195,-3.7002157526318125,-4.635708357060427,5.728631795799215,8.222813869735596,-4.619489351895719,-3.617709757837112,5.644964240035149,-1.077115650537061,-4.6243479340743665,1.894404282666222,-4.281029035971901,-4.4959513071613,-4.643856189774725,-4.299714325888688,-4.527163293584003,-2.0406998573790824,-1.4633580716908585,3.099526256527857,1.630052411354365,1.6463233063614888,0.9456891149012211,0.8112265338238188,0.4892795760128281,2.532064370555368,2.8558404536758824,-1.3742700170693045,-2.1517171823700805,-0.4920538009058354,-4.244221603354618,-3.980764071249388,-4.103115325260366,-4.389140640244888,-3.1649181586358015,0.49063690199460963,-4.6174968363429905,-3.5157985581270874
T,-4.621336025345823,-4.615436541954094,-0.9518297917911224,-4.637196467292356,-4.264597810502922,-4.6388686224901985,-3.451722622748075,-4.642205593889808,-2.9564162826761002,-2.879047745929487,-4.569364882429973,-4.007753494333853,-1.3350076264864148,-3.9679235995711464,-1.7683467317730286,-0.924515551984032,3.241910112627828,-4.6340522658246615,0.42247544999779507,-4.574316779538537,3.615669632234176,-4.62918625791727,2.8127960750919287,-1.3067988057299755,-2.066154014371429,-4.530117307648432,-4.332565598906595,7.3793730557352735,-4.372616818834875,5.0912777220213705,1.9901385024082605,-1.6755937692451226,0.23019832058575737,-3.863491568589588,-0.3174218089487062,-4.642225122766656,-4.595308875862047,-4.6097825158151196,-4.642224310987587,-0.5259296679911376,-2.7634309138023987,-4.289603674882851,-4.416426413718851,-4.282412267089588,-4.582523383265585,-4.627587137726057,-4.643856189774725,-4.59367338321507,-2.2802918882363983,-0.27736900487343163,-2.3194691639716094,-1.1630228146177979,1.262290350593088,-0.8490706562313207,1.20296689559442,-1.7008152884054137,2.650787130346662,7.378808978074531,0.5729639072212357,-4.279275178588686,-2.2923096369026656,-2.058527957717189,-1.9390715495059356,-4.548850305423907,-1.7903951748751827,-3.224831370762268,-4.454217409914076,-3.929593699721225,8.273683864236324,-4.197181050982129,5.713828436769569,-0.21985468327019025,-4.6017206559363615,5.516178179512042,-1.8671939793563403,3.9066263809306667,0.12727951151666966,7.745656126768047,-3.5883149921428403,-2.882986383577231,-4.61624909743953,-1.8867977943298395,-4.568159981465032,1.4802237783300973,-3.314396275699462,-4.616255932405119,4.484546822321995,2.6235136637067233,-4.333168182736402,-4.632460350943884,8.386090855889837,-4.466698361991301,1.758511041072871,-4.619483726031432,-4.580910644124795,-4.643856189774725,2.1207998694730357,-0.6213610639561119,0.5912925631588074,0.8266430386750722,0.40880252060100575,0.27668537573920016,-0.22819771131021407,-0.3843362800918767,-0.5299571500124999,1.3520663146086445,-2.8476081209015187,-2.2086821834094286,-3.2043639112429028,-4.638933574775783,-4.6405740362533985,-3.3835137869105565,-4.634010168714842,8.554228784507393,4.260268150179214,-4.607673832188867,8.582260130500474
V,-4.556498054967346,8.389033164749698,-4.452917492442486,-1.8579135575082164,7.303684433105099,-4.542492158829087,-4.628950742422909,-4.475502438378823,-2.2715186128928226,-2.980583691187143,5.749933823751983,7.471797279223694,-4.607979960768648,-4.585482910328505,-4.624270468095953,-4.184261113442256,-4.598376131361098,5.641000566537144,-4.593555701783162,4.6749374379275315,-3.787622953001458,-4.637327010307769,-1.1128328876325178,3.3911113992714546,-4.592042287934084,-4.555360096076579,-3.6820812473027393,-3.8908884139069957,-0.6912422740456077,-4.277587023216598,-3.6396449456589663,-3.249608500735461,-1.6112184679145845,0.4983022444272898,-4.113512796165425,-4.643856189774725,8.180244338629663,-4.63896381738354,-4.63570600956237,-2.9364382373558313,-4.635710381266512,-3.8315229901621897,-4.642224698528371,-4.5021795157474624,-4.530298275537887,-3.8242212648591605,-4.57295178615926,6.403209148204916,-4.120722023892178,2.2135730147756005,-0.8064975012098575,-3.408711013498563,-3.0974438775330864,-2.817487680535693,-3.2931501322265433,-2.7973077710603813,-1.9528262884045418,-1.8816222438253485,-2.4584879383181537,-4.4132911505474075,-1.6904004956443435,-4.3198588089504995,-4.264022302057004,6.278584437607185,-4.532914212127417,-3.6899628276700063,-4.640591213209611,5.466201050232788,-1.8585489121953296,-1.137341805732771,-4.5745409526360366,2.6702782823477054,-4.123910258758023,-4.191573012631544,-3.9175846505173255,-1.9947378284825406,-4.6373349419557215,-4.157011462130767,3.910907838515802,-1.7761707918094372,-3.9818761887253555,-4.371534165835671,-1.9324062989476622,-4.325790843395263,-4.611406749065662,2.553126377085437,-4.563378913276486,-1.7426034390448768,-1.8344693651274397,-4.632460350943884,-4.634082210062502,-4.427082724810267,7.867812204106678,-4.625962946596443,-4.634082430780465,-4.635711209060965,1.7044954583149,-3.857064476794989,-0.2090809785199707,-1.2620747742377778,-1.457525468339599,1.4314548014019068,-0.20281481708029087,0.9682602974399734,-2.2632937820457837,-1.4388013520310696,-1.277859786072267,-2.906564668772859,4.2547251675158915,-4.63074783328809,-4.609578384715045,-4.627473798372043,-4.574024395997104,-2.106517754748942,-3.50862367472075,8.52560588956748,-4.097490660754748
W,-4.626517407561767,-4.6388205744178075,-4.640512399107452,-4.640524407134161,-4.632204085228118,-4.640530187179676,-2.6353340952952937,-4.62247174384758,-4.643856189774725,-4.637295052532376,-4.550244556135168,-4.630767604296375,-4.616094567843032,-4.638946390601722,-4.544064785877521,-4.616128778431496,-4.642219497567875,-4.640584512441016,-4.616163530195047,-4.643856189774725,-4.643856189774725,-4.62918625791727,-4.579151017100436,-4.643856189774725,-4.638958918227484,-4.637327785877008,-4.616188522543537,-4.62917282028566,-4.6081201295466645,-4.5998888549273955,-4.172367465889143,-4.3978596512027455,3.836871244968815,1.745955872276357,-4.421410916266522,8.670094193843864,-4.209834184668072,-4.634079726298322,-4.638963319612051,-4.630820232899423,-4.643856189774725,-4.622721993972575,-4.627582641613258,-4.563408084594475,-4.640595437938208,-4.642225150426707,8.593491485106743,-4.64222369238651,-4.6422225832712725,2.991192326249402,-4.609728011405837,1.4276329881963112,0.13869108635569058,-4.467118192545582,-4.206671890299697,-4.383602594500516,-4.150340904339077,-4.625914902453449,-2.802631881410213,-4.579270871626201,-4.642223793980057,-3.6357548511237345,-0.868419879898679,-4.073795246829474,-4.330404218185035,-4.640590751331805,-4.256214878419324,-4.642206075305769,-4.643856189774725,-4.6422245416888,-4.635710197289338,-4.534199169936275,-4.643856189774725,-4.632453402635883,-4.593698991136241,-4.442096554190756,-4.640593723537892,-4.613017807882359,-4.643856189774725,-4.530267419363985,-4.640594553311484,-4.6373358629898735,-1.3490083157149966,-4.638963374924996,-4.598528468441406,-4.643856189774725,-4.643856189774725,-4.642224421732311,-4.6422246524022155,-4.643856189774725,-4.638965061369273,-4.643856189774725,-4.6389648126227385,-4.643856189774725,-4.588904260979814,-4.624346724946153,-4.622503394319359,-4.449190183500918,-2.0356839233078703,-2.2812806974611117,-0.6751251740940107,0.31963950106727546,0.6194163607323857,0.33491349170312545,-0.3191738183259274,1.0395585530507898,-1.4044625059583,-4.465517861047543,-3.7610668924026034,8.661831410125185,-4.643856189774725,-4.609559953058934,-4.611165943352305,-4.64220824291299,-4.629008948109169,-4.642201656530363,-4.643856189774725
Y,-4.631708110883128,-4.6388205744178075,-4.120526599427602,-4.643856189774725,-4.642188719731913,-4.643856189774725,-4.5879462256271735,-4.643856189774725,-4.643856189774725,-4.6422145062328,-4.640577132115083,-4.643856189774725,-4.637299972271421,-4.642218661591924,-4.640582656548866,-4.6405802779322665,-4.5759021320248765,-4.643856189774725,-4.6324211238130735,-4.642219813158921,-4.595243440712638,-4.606513588152325,-4.632427529521763,-4.619433251743753,-2.6373690929760234,-4.604905509999989,5.281158357177593,-4.378391786152552,-4.182619560888189,-3.7374442998130855,-2.8325503175229736,7.710377655125584,3.824128758479649,-4.3948683654480325,-1.8849160044449673,-4.629209673381047,-4.132260794765648,-4.6357068382455395,-4.616238994134634,-4.561743500382027,-4.642225187305316,-4.64222497523054,-4.5937040533435,-4.643856189774725,-4.640595437938208,-4.611409303403437,-2.1887233740157037,-4.64222369238651,-4.6422225832712725,2.26508236972441,-4.492585644144066,3.294018261395512,2.0473928901066962,3.017554357444218,0.6984784344397537,-2.4312314463627254,1.932891637276326,-4.247048358994932,5.561985405095049,8.50117146290189,-4.282150818383097,-4.435996348135446,-4.48773399550975,-4.529904074507214,-4.608018040036551,-4.609752022491715,-4.643856189774725,-4.5592775147064915,-4.495927621210784,-4.63896401093399,-4.443757180431438,-4.638929484245167,-4.545954277267509,-4.499023219254881,-3.787331894781258,-4.632450118544272,-4.410371767644687,-4.606567303406198,-3.992233060838403,7.8507103261306685,-4.642224910675096,-4.577711252119045,-4.642224781548877,-4.451284445848148,-4.563406738691497,-4.643856189774725,-4.643856189774725,-3.5000339973907324,-4.635707712783864,-4.62921264666852,-4.637336525973384,-4.643856189774725,-4.545992385480973,8.651748097863358,8.288696376258489,-4.63408496832074,-4.589958425400217,-3.281760234873188,0.8229964324669423,2.003127521391174,0.4286663913962816,3.527101499350001,6.358395468567599,5.7798899576559055,2.7839390463967737,3.4976851011969887,-1.4875374946977227,-3.7164717018381306,6.701563246433333,-4.575692282239928,-4.632384949337187,-4.582091842859426,-4.643856189774725,-4.602937271529683,-4.627363960702921,-4.640548071480677,-4.640543932178359
