position,sequence,P_i,D_i,C_i,F_i,R_i,selected
Pos_1,E,0.538832,0.0,0.16004383784843332,0.0009471058421779499,0.0,True
Pos_2,V,0.563752,0.0,0.11371308810952785,1.2597787476747895e-06,0.0,True
Pos_3,Q,0.4072960000000001,0.0,0.11759047876402719,1.4248139328316727e-06,0.0,False
Pos_4,L,0.41435200000000005,0.0,0.08291577965135317,4.1198715200554115e-07,0.0,False
Pos_5,Q,0.41435200000000016,0.0,0.2237525253567844,0.04477535548126084,0.0,False
Pos_6,Q,0.41452,0.0,0.13853431422855952,0.0022090288432610105,0.0,False
Pos_7,S,0.3859600000000001,0.0,0.08863786060628838,5.012553764997572e-07,0.0,False
Pos_8,G,0.41468400000000005,0.0,0.07926051769432159,3.4250193381657436e-07,0.0,False
Pos_9,P,0.4073800000000001,0.0,0.2272978836279886,0.06861802442420321,0.0,False
Pos_10,E,0.40032500000000004,0.0,0.19245109434064656,0.0045445181805160275,0.0,False
Pos_11,L,0.41435200000000005,0.0,0.14928070273809158,8.888261241719209e-05,0.0,False
Pos_12,V,0.4214899999999999,0.0,0.17343177446860708,5.316548896560936e-05,0.0,False
Pos_13,K,0.4072960000000001,0.0,0.1926506722289283,0.0002517031102564099,0.0,False
Pos_14,P,0.42132400000000003,0.0,0.08208269336706278,3.820043212758731e-07,0.0,False
Pos_15,G,0.4073800000000001,0.0,0.1177011328435334,2.970960796982565e-06,0.0,False
Pos_16,A,0.4073800000000001,0.0,0.41988785948201046,0.027770114990883582,0.0,False
Pos_17,S,0.42132400000000003,0.0,0.12015439727463476,3.8444037885356795e-06,0.0,False
Pos_18,V,0.40024000000000004,0.0,0.14799163523186024,0.005807996373787636,0.0,False
Pos_19,K,0.4214899999999999,0.0,0.22774477177361352,0.002988635790320338,0.0,False
Pos_20,I,0.4072960000000001,0.0,0.17510304068265123,0.2442440636923074,0.0,False
Pos_21,S,0.42846400000000007,0.0,0.11734000979637262,4.266700686567606e-06,0.0,False
Pos_22,C,0.421408,0.0,0.0763472626199111,3.0953591210241676e-07,0.0,False
Pos_23,K,0.42132400000000003,0.0,0.28403323477842396,0.0053726435811189775,0.0,False
Pos_24,A,0.42854500000000006,0.0,0.16375227754263846,1.2206806870005825e-05,0.0,False
Pos_25,S,0.45584800000000003,0.0,0.09013655657057466,5.268194876335031e-07,0.0,False
Pos_26,G,0.54416,0.0,0.08795139207349335,4.6533590547797755e-07,0.0,True
Pos_27,Y,0.596152,0.024828137935822926,0.2475580169947676,0.010733415569230603,3.9329288924422516e-05,True
Pos_28,S,0.681565,0.06833603826236302,0.22392218713932613,0.032528084247439186,0.00033924440286530724,True
Pos_29,F,0.543544,0.03551992683091195,0.16052195647658593,1.2091720453455491e-05,3.747393603653595e-08,True
Pos_30,T,0.68248,0.10714983805444445,0.2994041745837133,0.014741417066032927,0.0003227591275255597,True
Pos_31,G,0.76249,0.18127053227909182,0.5300500360059284,0.22751608686378338,0.01666826284013466,True
Pos_32,Y,0.7354,0.14382913722570806,0.2576762469575691,2.7545816019881876e-05,7.50758969791134e-07,True
Pos_33,Y,0.824888,0.08024447826954459,0.6658976661293118,0.05548946085338909,0.002445840552474871,True
Pos_34,M,0.4358399999999999,0.0,0.2380431626296961,0.00017547951930762588,0.0,False
Pos_35,H,0.664273,0.0,0.45517542547828,0.00903609415493432,0.0,True
Pos_36,W,0.42132400000000003,0.0,0.07636726216199262,3.0995041976806124e-07,0.0,False
Pos_37,V,0.50864,0.0,0.11991065421231414,3.2933084001014316e-06,0.0,True
Pos_38,K,0.414435,0.0,0.10209886528061025,0.25980111683989565,0.0,False
Pos_39,Q,0.4073800000000001,0.0,0.08490142536525994,4.2775759141864075e-07,0.0,False
Pos_40,S,0.4004080000000001,0.0,0.22904010940360048,0.4324899926303806,0.0,False
Pos_41,H,0.4073800000000001,0.0,0.09538600501944222,0.7844036462981846,0.0,False
Pos_42,G,0.4073800000000001,0.0,0.10117284301950406,8.879974986584628e-07,0.0,False
Pos_43,N,0.40024000000000004,0.0,0.16887888948939536,0.8527142542215294,0.0,False
Pos_44,I,0.4073800000000001,0.0,0.1173146452390482,0.9969508775777002,0.0,False
Pos_45,L,0.41452,0.0,0.08573940248531116,4.5791835010563714e-07,0.0,False
Pos_46,D,0.4423999999999999,0.0,0.087614219786166,0.9141719849449869,0.0,False
Pos_47,W,0.6031,0.0,0.08664346196011749,4.6065764492290796e-07,0.0,True
Pos_48,I,0.3931000000000001,0.0,0.23564828505120525,0.02779095286555715,0.0,False
Pos_49,G,0.435102,0.012414068967911463,0.18336343379820605,0.00010088290396503255,9.991611560748979e-08,False
Pos_50,Y,0.751528,0.01657111728959145,0.936411247977559,0.20892251039276505,0.0024364012548418385,True
Pos_51,F,0.5532400000000001,0.033085158582054394,0.13574382554169317,0.6221612949345837,0.001545858959823502,True
Pos_52,F,0.7936179999999999,0.11374523630370206,0.7355898513876621,0.7715270017099412,0.05123085283296501,True
Pos_53,P,0.6950200000000001,0.07232887952740985,0.620478544874043,0.004061870726696059,0.00012669570886584663,True
Pos_54,Y,0.7702899999999999,0.1511979636472986,0.8537494844904453,0.04467961125816222,0.004442628948507394,True
Pos_55,N,0.743055,0.16616635399955593,0.5567259266403748,0.04507141429677216,0.0030981802737783514,True
Pos_56,G,0.629014,0.08732465404897931,0.31556398092184185,0.00013068607224984237,2.265238410449883e-06,True
Pos_57,F,0.76223,0.14978054880620242,0.8456336542705263,0.8597062312328682,0.08299917746679264,True
Pos_58,S,0.618904,0.07338239313085182,0.33205412016551233,0.5680388745148435,0.008566473820092726,True
Pos_59,N,0.758867,0.10554704241321208,0.7705247214285633,0.06529178580112202,0.0040295528865208615,True
Pos_60,C,0.5318399999999999,0.04276823845807269,0.11094287479747052,0.9786532467778111,0.0024696227500632683,True
Pos_61,N,0.46954700000000005,0.03551992683091195,0.28839925642921715,0.018454377262601934,8.87655939899091e-05,False
Pos_62,Q,0.5895999999999999,0.0385001302857952,0.482376415471166,0.03505859696435476,0.0003838842301086865,True
Pos_63,K,0.44223999999999997,0.01224593312018546,0.32737687449622804,0.01290476632424306,2.28795799869777e-05,False
Pos_64,F,0.3931840000000001,0.008257020646231471,0.24837517281825683,0.0036183358936624104,2.9176706710242947e-06,False
Pos_65,K,0.5378499999999999,0.02310585786300049,0.19059945857308097,3.973990266938579e-05,9.413079619107459e-08,True
Pos_66,G,0.4351839999999999,0.01224593312018546,0.16691997284833535,1.3228015815948267e-05,1.1767055825321107e-08,False
Pos_67,K,0.40754999999999997,0.00415704832167999,0.11398228276762891,0.23212455024158618,4.482542295086903e-05,False
Pos_68,A,0.435102,0.00415704832167999,0.25227152016555354,0.198407059513726,9.053187128970978e-05,False
Pos_69,T,0.43543,0.00415704832167999,0.1299597716278553,2.355354809122823e-06,5.540751823183188e-10,False
Pos_70,L,0.44190799999999997,0.0,0.18560073104624894,0.21236712087107482,0.0,False
Pos_71,T,0.43641399999999997,0.0,0.1495241788018147,0.004989926115501998,0.0,False
Pos_72,V,0.5135999999999998,0.0,0.34059169290405417,0.17423376539990898,0.0,True
Pos_73,D,0.455437,0.0,0.09688435902785152,6.80272981106291e-07,0.0,False
Pos_74,K,0.56155,0.008257020646231471,0.38140431836749766,0.1279762788947867,0.00022632205939908108,True
Pos_75,S,0.53864,0.0,0.13896206643104872,4.166222508282628e-06,0.0,True
Pos_76,S,0.462658,0.0,0.3115760033497889,0.19404814745521792,0.0,False
Pos_77,S,0.4948799999999999,0.00415704832167999,0.2021334248782134,0.004054236866627373,1.6859016222816427e-06,False
Pos_78,T,0.435268,0.0,0.1802663973088251,1.9639997466428528e-05,0.0,False
Pos_79,A,0.41435200000000005,0.0,0.2788861785359082,0.0041659742312568915,0.0,False
Pos_80,Y,0.4486319999999999,0.0,0.1724657687289374,1.3074778614479859e-05,0.0,False
Pos_81,M,0.40024000000000004,0.0,0.1407100309774002,0.013547834019102598,0.0,False
Pos_82,E,0.4072960000000001,0.0,0.23964902455753936,0.019080743641370898,0.0,False
Pos_83,L,0.3859600000000001,0.0,0.1906694923478409,0.0016583277957441956,0.0,False
Pos_84,R,0.435268,0.0,0.2680692679048103,0.37306881520142293,0.0,False
Pos_85,S,0.4073800000000001,0.0,0.12838853502065128,2.723699089576754e-06,0.0,False
Pos_86,L,0.4075460000000001,0.0,0.1173970814384572,2.6824799759287437e-06,0.0,False
Pos_87,T,0.3858750000000001,0.0,0.2283512775065205,0.033417702056800405,0.0,False
Pos_88,S,0.40024000000000004,0.0,0.2792156150418562,0.005768530970769717,0.0,False
Pos_89,E,0.40754999999999997,0.0,0.17513434103029318,1.8109826115424307e-05,0.0,False
Pos_90,D,0.40024000000000004,0.0,0.07729409757774043,3.1901609319267667e-07,0.0,False
Pos_91,S,0.4214899999999999,0.0,0.10142110027011882,0.27360148759688385,0.0,False
Pos_92,A,0.4075460000000001,0.0,0.08635236068941586,5.080466415512598e-07,0.0,False
Pos_93,V,0.435102,0.0,0.17593996377036983,1.2215856901906483e-05,0.0,False
Pos_94,Y,0.40032500000000004,0.0,0.07867446790512594,3.4113156287223365e-07,0.0,False
Pos_95,Y,0.3931000000000001,0.0,0.10634298958388001,2.0183925156937946e-06,0.0,False
Pos_96,C,0.42132400000000003,0.0,0.076403851467446,3.1031802797841324e-07,0.0,False
Pos_97,A,0.501668,0.0,0.15737241877800295,8.313591782894211e-06,0.0,True
Pos_98,R,0.60805,0.0,0.16590750945722774,6.454165777966573e-06,0.0,True
Pos_99,G,0.7452,0.0329740987314569,0.7916199483673675,0.0078065011091199,0.0001518514473156603,True
Pos_100,G,0.75612,0.1198557472990633,0.8848922056563847,0.01343491381845722,0.0010773947237459113,True
Pos_101,L,0.8065599999999999,0.2926762070483727,0.9318443487976912,0.21459042352388538,0.047203892309597234,True
Pos_102,G,0.803264,0.36964977615435324,0.8252443014805175,0.00629561513824517,0.0015426572913599845,True
Pos_103,R,0.7735679999999999,0.2411833694276689,0.9624703810688554,0.13014133699152725,0.023369450021200208,True
Pos_104,G,0.78583,0.10532532751740972,0.8208166699077807,0.011370909031153436,0.0007725076268141081,True
Pos_105,Y,0.6906000000000001,0.01662819328671996,0.6459057641840047,0.0014786428859129292,1.0967410437765231e-05,True
Pos_106,F,0.617772,0.0,0.3498657005929776,0.0003202474574755567,0.0,True
Pos_107,D,0.64,0.00415704832167999,0.18821409629015776,8.539976051734203e-06,4.276355940854564e-09,True
Pos_108,V,0.5726500000000001,0.0,0.4351891913923349,0.036827209306552915,0.0,True
Pos_109,W,0.520628,0.0,0.07751794529239135,3.2015534850701157e-07,0.0,True
Pos_110,G,0.4073800000000001,0.0,0.07840599243711781,3.319151438350143e-07,0.0,False
Pos_111,T,0.42132400000000003,0.0,0.15287286656238458,0.9191921699637358,0.0,False
Pos_112,G,0.435102,0.0,0.07735505712656189,3.189784420820805e-07,0.0,False
Pos_113,T,0.4072960000000001,0.0,0.09200145982698171,5.626734629761423e-07,0.0,False
Pos_114,T,0.42132400000000003,0.0,0.22487011730848114,0.04374487389657585,0.0,False
Pos_115,V,0.41435200000000005,0.0,0.09039125262746556,6.514956501957501e-07,0.0,False
Pos_116,T,0.4073800000000001,0.0,0.08735471150632713,4.896793467272787e-07,0.0,False
Pos_117,V,0.40032500000000004,0.0,0.07842900594253507,3.3286750836201733e-07,0.0,False
Pos_118,S,0.41452,0.0,0.07919655151512303,3.3830903324533235e-07,0.0,False
Pos_119,S,0.435268,0.0,0.09132427240093285,6.19274364413925e-07,0.0,False
